Name,Price,Description,Stock,Categories,Tags
Bulbasaur,£63.00,"Bulbasaur can be seen napping in bright sunlight. There is a seed on its back. By soaking up the sun’s rays, the seed grows progressively larger.",45 in stock,"['Pokemon', 'Seed']","['bulbasaur', 'Overgrow', 'Seed']"
Ivysaur,£87.00,"There is a bud on this Pokémon’s back. To support its weight, Ivysaur’s legs and trunk grow thick and strong. If it starts spending more time lying in the sunlight, it’s a sign that the bud will bloom into a large flower soon.",142 in stock,"['Pokemon', 'Seed']","['ivysaur', 'Overgrow', 'Seed']"
Venusaur,£105.00,There is a large flower on Venusaur’s back. The flower is said to take on vivid colors if it gets plenty of nutrition and sunlight. The flower’s aroma soothes the emotions of people.,30 in stock,"['Pokemon', 'Seed']","['Overgrow', 'Seed', 'venusaur']"
Charmander,£48.00,"The flame that burns at the tip of its tail is an indication of its emotions. The flame wavers when Charmander is enjoying itself. If the Pokémon becomes enraged, the flame burns fiercely.",206 in stock,"['Lizard', 'Pokemon']","['Blaze', 'charmander', 'Lizard']"
Charmeleon,£165.00,"Charmeleon mercilessly destroys its foes using its sharp claws. If it encounters a strong foe, it turns aggressive. In this excited state, the flame at the tip of its tail flares with a bluish white color.",284 in stock,"['Flame', 'Pokemon']","['Blaze', 'charmeleon', 'Flame']"
Charizard,£156.00,"Charizard flies around the sky in search of powerful opponents. It breathes fire of such great heat that it melts anything. However, it never turns its fiery breath on any opponent weaker than itself.",31 in stock,"['Flame', 'Pokemon']","['Blaze', 'Charizard', 'Flame']"
Squirtle,£130.00,"Squirtle’s shell is not merely used for protection. The shell’s rounded shape and the grooves on its surface help minimize resistance in water, enabling this Pokémon to swim at high speeds.",178 in stock,"['Pokemon', 'Tiny Turtle']","['squirtle', 'Tiny Turtle', 'Torrent']"
Wartortle,£123.00,"Its tail is large and covered with a rich, thick fur. The tail becomes increasingly deeper in color as Wartortle ages. The scratches on its shell are evidence of this Pokémon’s toughness as a battler.",24 in stock,"['Pokemon', 'Turtle']","['Torrent', 'Turtle', 'wartortle']"
Blastoise,£76.00,Blastoise has water spouts that protrude from its shell. The water spouts are very accurate. They can shoot bullets of water with enough accuracy to strike empty cans from a distance of over 160 feet.,88 in stock,"['Pokemon', 'Shellfish']","['blastoise', 'Shellfish', 'Torrent']"
Caterpie,£73.00,"Caterpie has a voracious appetite. It can devour leaves bigger than its body right before your eyes. From its antenna, this Pokémon releases a terrifically strong odor.",40 in stock,"['Pokemon', 'Worm']","['caterpie', 'Shield Dust', 'Worm']"
Metapod,£148.00,The shell covering this Pokémon’s body is as hard as an iron slab. Metapod does not move very much. It stays still because it is preparing its soft innards for evolution inside the hard shell.,285 in stock,"['Cocoon', 'Pokemon']","['Cocoon', 'metapod', 'Shed Skin']"
Butterfree,£162.00,"Butterfree has a superior ability to search for delicious honey from flowers. It can even search out, extract, and carry honey from flowers that are blooming over six miles from its nest.",242 in stock,"['Butterfly', 'Pokemon']","['Butterfly', 'butterfree', 'Compound Eyes']"
Weedle,£25.00,Weedle has an extremely acute sense of smell. It is capable of distinguishing its favorite kinds of leaves from those it dislikes just by sniffing with its big red proboscis (nose).,65 in stock,"['Hairy Bug', 'Pokemon']","['Hairy Bug', 'Shield Dust', 'weedle']"
Kakuna,£148.00,"Kakuna remains virtually immobile as it clings to a tree. However, on the inside, it is extremely busy as it prepares for its coming evolution. This is evident from how hot the shell becomes to the touch.",260 in stock,"['Cocoon', 'Pokemon']","['Cocoon', 'kakuna', 'Shed Skin']"
Beedrill,£168.00,"Beedrill is extremely territorial. No one should ever approach its nest—this is for their own safety. If angered, they will attack in a furious swarm.",125 in stock,"['Poison Bee', 'Pokemon']","['beedrill', 'Poison Bee', 'Swarm']"
Pidgey,£159.00,"Pidgey has an extremely sharp sense of direction. It is capable of unerringly returning home to its nest, however far it may be removed from its familiar surroundings.",175 in stock,"['Pokemon', 'Tiny Bird']","['Keen Eye', 'pidgey', 'Tiny Bird']"
Pidgeotto,£84.00,"Pidgeotto claims a large area as its own territory. This Pokémon flies around, patrolling its living space. If its territory is violated, it shows no mercy in thoroughly punishing the foe with its sharp claws.",120 in stock,"['Bird', 'Pokemon']","['Bird', 'Keen Eye', 'pidgeotto']"
Pidgeot,£185.00,"This Pokémon has a dazzling plumage of beautifully glossy feathers. Many Trainers are captivated by the striking beauty of the feathers on its head, compelling them to choose Pidgeot as their Pokémon.",90 in stock,"['Bird', 'Pokemon']","['Bird', 'Keen Eye', 'pidgeot']"
Rattata,£128.00,"Rattata is cautious in the extreme. Even while it is asleep, it constantly listens by moving its ears around. It is not picky about where it lives—it will make its nest anywhere.",16 in stock,"['Mouse', 'Pokemon']","['Mouse', 'rattata', 'Run Away']"
Raticate,£60.00,"Raticate’s sturdy fangs grow steadily. To keep them ground down, it gnaws on rocks and logs. It may even chew on the walls of houses.",204 in stock,"['Mouse', 'Pokemon']","['Mouse', 'raticate', 'Run Away']"
Spearow,£133.00,"Spearow has a very loud cry that can be heard over half a mile away. If its high, keening cry is heard echoing all around, it is a sign that they are warning each other of danger.",46 in stock,"['Pokemon', 'Tiny Bird']","['Keen Eye', 'spearow', 'Tiny Bird']"
Fearow,£95.00,Fearow is recognized by its long neck and elongated beak. They are conveniently shaped for catching prey in soil or water. It deftly moves its long and skinny beak to pluck prey.,276 in stock,"['Beak', 'Pokemon']","['Beak', 'fearow', 'Keen Eye']"
Ekans,£55.00,Ekans curls itself up in a spiral while it rests. Assuming this position allows it to quickly respond to a threat from any direction with a glare from its upraised head.,120 in stock,"['Pokemon', 'Snake']","['ekans', 'Shed Skin', 'Snake']"
Arbok,£182.00,"This Pokémon is terrifically strong in order to constrict things with its body. It can even flatten steel oil drums. Once Arbok wraps its body around its foe, escaping its crunching embrace is impossible.",248 in stock,"['Cobra', 'Pokemon']","['arbok', 'Cobra', 'Shed Skin']"
Pikachu,£37.00,This Pokémon has electricity-storing pouches on its cheeks. These appear to become electrically charged during the night while Pikachu sleeps. It occasionally discharges electricity when it is dozy after waking up.,254 in stock,"['Mouse', 'Pokemon']","['Mouse', 'pikachu', 'Static']"
Raichu,£140.00,This Pokémon exudes a weak electrical charge from all over its body that makes it take on a slight glow in darkness. Raichu plants its tail in the ground to discharge electricity.,215 in stock,"['Mouse', 'Pokemon']","['Mouse', 'raichu', 'Static']"
Sandshrew,£82.00,"Sandshrew has a very dry hide that is extremely tough. The Pokémon can roll into a ball that repels any attack. At night, it burrows into the desert sand to sleep.",100 in stock,"['Mouse', 'Pokemon']","['Mouse', 'Sand Veil', 'sandshrew']"
Sandslash,£155.00,"Sandslash can roll up its body as if it were a ball covered with large spikes. In battle, this Pokémon will try to make the foe flinch by jabbing it with its spines. It then leaps at the stunned foe to tear wildly with its sharp claws.",236 in stock,"['Mouse', 'Pokemon']","['Mouse', 'Sand Veil', 'sandslash']"
Nidorina,£28.00,"When Nidorina are with their friends or family, they keep their barbs tucked away to prevent hurting each other. This Pokémon appears to become nervous if separated from the others.",58 in stock,"['Poison Pin', 'Pokemon']","['nidorina', 'Poison Pin', 'Poison Point']"
Nidoqueen,£106.00,Nidoqueen’s body is encased in extremely hard scales. It is adept at sending foes flying with harsh tackles. This Pokémon is at its strongest when it is defending its young.,153 in stock,"['Drill', 'Pokemon']","['Drill', 'nidoqueen', 'Poison Point']"
Nidorino,£179.00,"Nidorino has a horn that is harder than a diamond. If it senses a hostile presence, all the barbs on its back bristle up at once, and it challenges the foe with all its might.",279 in stock,"['Poison Pin', 'Pokemon']","['nidorino', 'Poison Pin', 'Poison Point']"
Nidoking,£31.00,"Nidoking’s thick tail packs enormously destructive power. With one swing, it can topple a metal transmission tower. Once this Pokémon goes on a rampage, there is no stopping it.",178 in stock,"['Drill', 'Pokemon']","['Drill', 'nidoking', 'Poison Point']"
Clefairy,£160.00,"On every night of a full moon, groups of this Pokémon come out to play. When dawn arrives, the tired Clefairy return to their quiet mountain retreats and go to sleep nestled up against each other.",86 in stock,"['Fairy', 'Pokemon']","['clefairy', 'Cute Charm', 'Fairy']"
Clefable,£188.00,"Clefable moves by skipping lightly as if it were flying using its wings. Its bouncy step lets it even walk on water. It is known to take strolls on lakes on quiet, moonlit nights.",23 in stock,"['Fairy', 'Pokemon']","['clefable', 'Cute Charm', 'Fairy']"
Vulpix,£85.00,"Inside Vulpix’s body burns a flame that never goes out. During the daytime, when the temperatures rise, this Pokémon releases flames from its mouth to prevent its body from growing too hot.",268 in stock,"['Fox', 'Pokemon']","['Flash Fire', 'Fox', 'vulpix']"
Ninetales,£52.00,Legend has it that Ninetales came into being when nine wizards possessing sacred powers merged into one. This Pokémon is highly intelligent—it can understand human speech.,215 in stock,"['Fox', 'Pokemon']","['Flash Fire', 'Fox', 'ninetales']"
Jigglypuff,£61.00,"When this Pokémon sings, it never pauses to breathe. If it is in a battle against an opponent that does not easily fall asleep, Jigglypuff cannot breathe, endangering its life.",136 in stock,"['Balloon', 'Pokemon']","['Balloon', 'Cute Charm', 'jigglypuff']"
Wigglytuff,£130.00,"Wigglytuff’s body is very flexible. By inhaling deeply, this Pokémon can inflate itself seemingly without end. Once inflated, Wigglytuff bounces along lightly like a balloon.",260 in stock,"['Balloon', 'Pokemon']","['Balloon', 'Cute Charm', 'wigglytuff']"
Zubat,£125.00,"Zubat avoids sunlight because exposure causes it to become unhealthy. During the daytime, it stays in caves or under the eaves of old houses, sleeping while hanging upside down.",154 in stock,"['Bat', 'Pokemon']","['Bat', 'Inner Focus', 'zubat']"
Golbat,£136.00,"Golbat bites down on prey with its four fangs and drinks the victim’s blood. It becomes active on inky dark moonless nights, flying around to attack people and Pokémon.",52 in stock,"['Bat', 'Pokemon']","['Bat', 'golbat', 'Inner Focus']"
Oddish,£45.00,"Oddish searches for fertile, nutrient-rich soil, then plants itself. During the daytime, while it is planted, this Pokémon’s feet are thought to change shape and become similar to the roots of trees.",296 in stock,"['Pokemon', 'Weed']","['Chlorophyll', 'oddish', 'Weed']"
Gloom,£178.00,"From its mouth Gloom drips honey that smells absolutely horrible. Apparently, it loves the horrid stench. It sniffs the noxious fumes and then drools even more of its honey.",74 in stock,"['Pokemon', 'Weed']","['Chlorophyll', 'gloom', 'Weed']"
Vileplume,£170.00,"Vileplume has the world’s largest petals. They are used to attract prey that are then doused with toxic spores. Once the prey are immobilized, this Pokémon catches and devours them.",283 in stock,"['Flower', 'Pokemon']","['Chlorophyll', 'Flower', 'vileplume']"
Paras,£168.00,Paras has parasitic mushrooms growing on its back called tochukaso. They grow large by drawing nutrients from this Bug Pokémon host. They are highly valued as a medicine for extending life.,192 in stock,"['Mushroom', 'Pokemon']","['Effect Spore', 'Mushroom', 'paras']"
Parasect,£27.00,"Parasect is known to infest large trees en masse and drain nutrients from the lower trunk and roots. When an infested tree dies, they move onto another tree all at once.",17 in stock,"['Mushroom', 'Pokemon']","['Effect Spore', 'Mushroom', 'parasect']"
Venonat,£158.00,"Venonat is said to have evolved with a coat of thin, stiff hair that covers its entire body for protection. It possesses large eyes that never fail to spot even minuscule prey.",177 in stock,"['Insect', 'Pokemon']","['Compound Eyes', 'Insect', 'venonat']"
Venomoth,£53.00,"Venomoth is nocturnal—it is a Pokémon that only becomes active at night. Its favorite prey are small insects that gather around streetlights, attracted by the light in the darkness.",22 in stock,"['Poison Moth', 'Pokemon']","['Poison Moth', 'Shield Dust', 'venomoth']"
Diglett,£122.00,"Diglett are raised in most farms. The reason is simple— wherever this Pokémon burrows, the soil is left perfectly tilled for planting crops. This soil is made ideal for growing delicious vegetables.",227 in stock,"['Mole', 'Pokemon']","['diglett', 'Mole', 'Sand Veil']"
Dugtrio,£111.00,"Dugtrio are actually triplets that emerged from one body. As a result, each triplet thinks exactly like the other two triplets. They work cooperatively to burrow endlessly.",290 in stock,"['Mole', 'Pokemon']","['dugtrio', 'Mole', 'Sand Veil']"
Meowth,£131.00,"Meowth withdraws its sharp claws into its paws to slinkily sneak about without making any incriminating footsteps. For some reason, this Pokémon loves shiny coins that glitter with light.",203 in stock,"['Pokemon', 'Scratch Cat']","['meowth', 'Pickup', 'Scratch Cat']"
Persian,£200.00,Persian has six bold whiskers that give it a look of toughness. The whiskers sense air movements to determine what is in the Pokémon’s surrounding vicinity. It becomes docile if grabbed by the whiskers.,108 in stock,"['Classy Cat', 'Pokemon']","['Classy Cat', 'persian', 'Technician']"
Psyduck,£182.00,"If it uses its mysterious power, Psyduck can’t remember having done so. It apparently can’t form a memory of such an event because it goes into an altered state that is much like deep sleep.",214 in stock,"['Duck', 'Pokemon']","['Damp', 'Duck', 'psyduck']"
Golduck,£31.00,"Golduck is the fastest swimmer among all Pokémon. It swims effortlessly, even in a rough, stormy sea. It sometimes rescues people from wrecked ships floundering in high seas.",278 in stock,"['Duck', 'Pokemon']","['Damp', 'Duck', 'golduck']"
Mankey,£125.00,"When Mankey starts shaking and its nasal breathing turns rough, it’s a sure sign that it is becoming angry. However, because it goes into a towering rage almost instantly, it is impossible for anyone to flee its wrath.",209 in stock,"['Pig Monkey', 'Pokemon']","['mankey', 'Pig Monkey', 'Vital Spirit']"
Primeape,£86.00,"When Primeape becomes furious, its blood circulation is boosted. In turn, its muscles are made even stronger. However, it also becomes much less intelligent at the same time.",68 in stock,"['Pig Monkey', 'Pokemon']","['Pig Monkey', 'primeape', 'Vital Spirit']"
Growlithe,£30.00,"Growlithe has a superb sense of smell. Once it smells anything, this Pokémon won’t forget the scent, no matter what. It uses its advanced olfactory sense to determine the emotions of other living things.",243 in stock,"['Pokemon', 'Puppy']","['growlithe', 'Intimidate', 'Puppy']"
Arcanine,£69.00,"Arcanine is known for its high speed. It is said to be capable of running over 6,200 miles in a single day and night. The fire that blazes wildly within this Pokémon’s body is its source of power.",14 in stock,"['Legendary', 'Pokemon']","['arcanine', 'Intimidate', 'Legendary']"
Poliwag,£174.00,"Poliwag has a very thin skin. It is possible to see the Pokémon’s spiral innards right through the skin. Despite its thinness, however, the skin is also very flexible. Even sharp fangs bounce right off it.",217 in stock,"['Pokemon', 'Tadpole']","['Damp', 'poliwag', 'Tadpole']"
Poliwhirl,£121.00,"The surface of Poliwhirl’s body is always wet and slick with a slimy fluid. Because of this slippery covering, it can easily slip and slide out of the clutches of any enemy in battle.",139 in stock,"['Pokemon', 'Tadpole']","['Damp', 'poliwhirl', 'Tadpole']"
Poliwrath,£152.00,"Poliwrath’s highly developed, brawny muscles never grow fatigued, however much it exercises. It is so tirelessly strong, this Pokémon can swim back and forth across the ocean without effort.",216 in stock,"['Pokemon', 'Tadpole']","['Damp', 'poliwrath', 'Tadpole']"
Abra,£141.00,"Abra needs to sleep for eighteen hours a day. If it doesn’t, this Pokémon loses its ability to use telekinetic powers. If it is attacked, Abra escapes using Teleport while it is still sleeping.",116 in stock,"['Pokemon', 'Psi']","['abra', 'Inner Focus', 'Psi']"
Kadabra,£129.00,"Kadabra holds a silver spoon in its hand. The spoon is used to amplify the alpha waves in its brain. Without the spoon, the Pokémon is said to be limited to half the usual amount of its telekinetic powers.",195 in stock,"['Pokemon', 'Psi']","['Inner Focus', 'kadabra', 'Psi']"
Alakazam,£40.00,"Alakazam’s brain continually grows, infinitely multiplying brain cells. This amazing brain gives this Pokémon an astoundingly high IQ of 5,000. It has a thorough memory of everything that has occurred in the world.",142 in stock,"['Pokemon', 'Psi']","['alakazam', 'Inner Focus', 'Psi']"
Machop,£166.00,Machop exercises by hefting around a Graveler as if it were a barbell. There are some Machop that travel the world in a quest to master all kinds of martial arts.,173 in stock,"['Pokemon', 'Superpower']","['Guts', 'machop', 'Superpower']"
Machoke,£27.00,"Machoke undertakes bodybuilding every day even as it helps people with tough, physically demanding labor. On its days off, this Pokémon heads to the fields and mountains to exercise and train.",10 in stock,"['Pokemon', 'Superpower']","['Guts', 'machoke', 'Superpower']"
Machamp,£121.00,"Machamp is known as the Pokémon that has mastered every kind of martial arts. If it grabs hold of the foe with its four arms, the battle is all but over. The hapless foe is thrown far over the horizon.",242 in stock,"['Pokemon', 'Superpower']","['Guts', 'machamp', 'Superpower']"
Bellsprout,£74.00,"Bellsprout’s thin and flexible body lets it bend and sway to avoid any attack, however strong it may be. From its mouth, this Pokémon spits a corrosive fluid that melts even iron.",257 in stock,"['Flower', 'Pokemon']","['bellsprout', 'Chlorophyll', 'Flower']"
Weepinbell,£26.00,"Weepinbell has a large hook on its rear end. At night, the Pokémon hooks on to a tree branch and goes to sleep. If it moves around in its sleep, it may wake up to find itself on the ground.",46 in stock,"['Flycatcher', 'Pokemon']","['Chlorophyll', 'Flycatcher', 'weepinbell']"
Victreebel,£68.00,"Victreebel has a long vine that extends from its head. This vine is waved and flicked about as if it were an animal to attract prey. When an unsuspecting prey draws near, this Pokémon swallows it whole.",119 in stock,"['Flycatcher', 'Pokemon']","['Chlorophyll', 'Flycatcher', 'victreebel']"
Tentacool,£186.00,Tentacool absorbs sunlight and refracts it using water inside its body to convert it into beam energy. This Pokémon shoots beams from the small round organ above its eyes.,66 in stock,"['Jellyfish', 'Pokemon']","['Clear Body', 'Jellyfish', 'tentacool']"
Tentacruel,£65.00,Tentacruel has tentacles that can be freely elongated and shortened at will. It ensnares prey with its tentacles and weakens the prey by dosing it with a harsh toxin. It can catch up to 80 prey at the same time.,175 in stock,"['Jellyfish', 'Pokemon']","['Clear Body', 'Jellyfish', 'tentacruel']"
Geodude,£32.00,"When Geodude sleeps deeply, it buries itself halfway into the ground. It will not awaken even if hikers step on it unwittingly. In the morning, this Pokémon rolls downhill in search of food.",77 in stock,"['Pokemon', 'Rock']","['geodude', 'Rock', 'Rock Head']"
Graveler,£182.00,"Rocks are Graveler’s favorite food. This Pokémon will climb a mountain from the base to the summit, crunchingly feasting on rocks all the while. Upon reaching the peak, it rolls back down to the bottom.",86 in stock,"['Pokemon', 'Rock']","['graveler', 'Rock', 'Rock Head']"
Golem,£103.00,"Golem is known for rolling down from mountains. To prevent them from rolling into the homes of people downhill, grooves have been dug into the sides of mountains to serve as guideways for diverting this Pokémon’s course.",151 in stock,"['Megaton', 'Pokemon']","['golem', 'Megaton', 'Rock Head']"
Ponyta,£53.00,Ponyta is very weak at birth. It can barely stand up. This Pokémon becomes stronger by stumbling and falling to keep up with its parent.,41 in stock,"['Fire Horse', 'Pokemon']","['Fire Horse', 'ponyta', 'Run Away']"
Rapidash,£98.00,"Rapidash usually can be seen casually cantering in the fields and plains. However, when this Pokémon turns serious, its fiery manes flare and blaze as it gallops its way up to 150 mph.",194 in stock,"['Fire Horse', 'Pokemon']","['Fire Horse', 'rapidash', 'Run Away']"
Slowpoke,£109.00,"Slowpoke uses its tail to catch prey by dipping it in water at the side of a river. However, this Pokémon often forgets what it’s doing and often spends entire days just loafing at water’s edge.",57 in stock,"['Dopey', 'Pokemon']","['Dopey', 'Oblivious', 'slowpoke']"
Slowbro,£179.00,"Slowbro’s tail has a Shellder firmly attached with a bite. As a result, the tail can’t be used for fishing anymore. This causes Slowbro to grudgingly swim and catch prey instead.",289 in stock,"['Hermit Crab', 'Pokemon']","['Hermit Crab', 'Oblivious', 'slowbro']"
Magnemite,£100.00,Magnemite floats in the air by emitting electromagnetic waves from the units at its sides. These waves block gravity. This Pokémon becomes incapable of flight if its internal electrical supply is depleted.,16 in stock,"['Magnet', 'Pokemon']","['magnemite', 'Magnet', 'Sturdy']"
Magneton,£191.00,"Magneton emits a powerful magnetic force that is fatal to electronics and precision instruments. Because of this, it is said that some towns warn people to keep this Pokémon inside a Poké Ball.",152 in stock,"['Magnet', 'Pokemon']","['Magnet', 'magneton', 'Sturdy']"
Farfetchd,£185.00,"Farfetch’d is always seen with a stalk from a plant of some sort. Apparently, there are good stalks and bad stalks. This Pokémon has been known to fight with others over stalks.",158 in stock,"['Pokemon', 'Wild Duck']","['farfetchd', 'Keen Eye', 'Wild Duck']"
Doduo,£73.00,"Doduo’s two heads contain completely identical brains. A scientific study reported that on rare occasions, there will be examples of this Pokémon possessing different sets of brains.",227 in stock,"['Pokemon', 'Twin Bird']","['doduo', 'Run Away', 'Twin Bird']"
Dodrio,£138.00,"Apparently, the heads aren’t the only parts of the body that Dodrio has three of. It has three sets of hearts and lungs as well, so it is capable of running long distances without rest.",118 in stock,"['Pokemon', 'Triple Bird']","['dodrio', 'Run Away', 'Triple Bird']"
Seel,£164.00,"Seel hunts for prey in the frigid sea underneath sheets of ice. When it needs to breathe, it punches a hole through the ice with the sharply protruding section of its head.",250 in stock,"['Pokemon', 'Sea Lion']","['Sea Lion', 'seel', 'Thick Fat']"
Dewgong,£70.00,Dewgong loves to snooze on bitterly cold ice. The sight of this Pokémon sleeping on a glacier was mistakenly thought to be a mermaid by a mariner long ago.,62 in stock,"['Pokemon', 'Sea Lion']","['dewgong', 'Sea Lion', 'Thick Fat']"
Grimer,£147.00,Grimer emerged from the sludge that settled on a polluted seabed. This Pokémon loves anything filthy. It constantly leaks a horribly germ-infested fluid from all over its body.,201 in stock,"['Pokemon', 'Sludge']","['grimer', 'Sludge', 'Stench']"
Muk,£187.00,"This Pokémon’s favorite food is anything that is repugnantly filthy. In dirty towns where people think nothing of throwing away litter on the streets, Muk are certain to gather.",220 in stock,"['Pokemon', 'Sludge']","['muk', 'Sludge', 'Stench']"
Shellder,£138.00,"At night, this Pokémon uses its broad tongue to burrow a hole in the seafloor sand and then sleep in it. While it is sleeping, Shellder closes its shell, but leaves its tongue hanging out.",23 in stock,"['Bivalve', 'Pokemon']","['Bivalve', 'Shell Armor', 'shellder']"
Cloyster,£199.00,"Cloyster is capable of swimming in the sea. It does so by swallowing water, then jetting it out toward the rear. This Pokémon shoots spikes from its shell using the same system.",39 in stock,"['Bivalve', 'Pokemon']","['Bivalve', 'cloyster', 'Shell Armor']"
Gastly,£179.00,"Gastly is largely composed of gaseous matter. When exposed to a strong wind, the gaseous body quickly dwindles away. Groups of this Pokémon cluster under the eaves of houses to escape the ravages of wind.",151 in stock,"['Gas', 'Pokemon']","['Gas', 'gastly', 'Levitate']"
Haunter,£42.00,"Haunter is a dangerous Pokémon. If one beckons you while floating in darkness, you must never approach it. This Pokémon will try to lick you with its tongue and steal your life away.",181 in stock,"['Gas', 'Pokemon']","['Gas', 'haunter', 'Levitate']"
Gengar,£149.00,"Sometimes, on a dark night, your shadow thrown by a streetlight will suddenly and startlingly overtake you. It is actually a Gengar running past you, pretending to be your shadow.",159 in stock,"['Pokemon', 'Shadow']","['gengar', 'Levitate', 'Shadow']"
Onix,£37.00,"Onix has a magnet in its brain. It acts as a compass so that this Pokémon does not lose direction while it is tunneling. As it grows older, its body becomes increasingly rounder and smoother.",286 in stock,"['Pokemon', 'Rock Snake']","['onix', 'Rock Head', 'Rock Snake']"
Drowzee,£40.00,"If your nose becomes itchy while you are sleeping, it’s a sure sign that one of these Pokémon is standing above your pillow and trying to eat your dream through your nostrils.",253 in stock,"['Hypnosis', 'Pokemon']","['drowzee', 'Hypnosis', 'Insomnia']"
Hypno,£198.00,"Hypno holds a pendulum in its hand. The arcing movement and glitter of the pendulum lull the foe into a deep state of hypnosis. While this Pokémon searches for prey, it polishes the pendulum.",222 in stock,"['Hypnosis', 'Pokemon']","['hypno', 'Hypnosis', 'Insomnia']"
Krabby,£64.00,"Krabby live on beaches, burrowed inside holes dug into the sand. On sandy beaches with little in the way of food, these Pokémon can be seen squabbling with each other over territory.",147 in stock,"['Pokemon', 'River Crab']","['krabby', 'River Crab', 'Shell Armor']"
Kingler,£72.00,"Kingler has an enormous, oversized claw. It waves this huge claw in the air to communicate with others. However, because the claw is so heavy, the Pokémon quickly tires.",271 in stock,"['Pincer', 'Pokemon']","['kingler', 'Pincer', 'Shell Armor']"
Voltorb,£189.00,Voltorb is extremely sensitive—it explodes at the slightest of shocks. It is rumored that it was first created when a Poké Ball was exposed to a powerful pulse of energy.,245 in stock,"['Ball', 'Pokemon']","['Ball', 'Static', 'voltorb']"
Electrode,£100.00,One of Electrode’s characteristics is its attraction to electricity. It is a problematical Pokémon that congregates mostly at electrical power plants to feed on electricity that has just been generated.,230 in stock,"['Ball', 'Pokemon']","['Ball', 'electrode', 'Static']"
Exeggcute,£126.00,"This Pokémon consists of six eggs that form a closely knit cluster. The six eggs attract each other and spin around. When cracks increasingly appear on the eggs, Exeggcute is close to evolution.",144 in stock,"['Egg', 'Pokemon']","['Chlorophyll', 'Egg', 'exeggcute']"
Exeggutor,£68.00,"Exeggutor originally came from the tropics. Its heads steadily grow larger from exposure to strong sunlight. It is said that when the heads fall off, they group together to form Exeggcute.",292 in stock,"['Coconut', 'Pokemon']","['Chlorophyll', 'Coconut', 'exeggutor']"
Cubone,£177.00,"Cubone pines for the mother it will never see again. Seeing a likeness of its mother in the full moon, it cries. The stains on the skull the Pokémon wears are made by the tears it sheds.",242 in stock,"['Lonely', 'Pokemon']","['cubone', 'Lonely', 'Rock Head']"
Marowak,£36.00,Marowak is the evolved form of a Cubone that has overcome its sadness at the loss of its mother and grown tough. This Pokémon’s tempered and hardened spirit is not easily broken.,295 in stock,"['Bone Keeper', 'Pokemon']","['Bone Keeper', 'marowak', 'Rock Head']"
Hitmonlee,£73.00,"Hitmonlee’s legs freely contract and stretch. Using these springlike legs, it bowls over foes with devastating kicks. After battle, it rubs down its legs and loosens the muscles to overcome fatigue.",269 in stock,"['Kicking', 'Pokemon']","['hitmonlee', 'Kicking', 'Limber']"
Hitmonchan,£91.00,Hitmonchan is said to possess the spirit of a boxer who had been working toward a world championship. This Pokémon has an indomitable spirit and will never give up in the face of adversity.,163 in stock,"['Pokemon', 'Punching']","['hitmonchan', 'Keen Eye', 'Punching']"
Lickitung,£142.00,"Whenever Lickitung comes across something new, it will unfailingly give it a lick. It does so because it memorizes things by texture and by taste. It is somewhat put off by sour things.",291 in stock,"['Licking', 'Pokemon']","['Licking', 'lickitung', 'Oblivious']"
Koffing,£38.00,"Koffing embodies toxic substances. It mixes the toxins with raw garbage to set off a chemical reaction that results in a terribly powerful poison gas. The higher the temperature, the more gas is concocted by this Pokémon.",110 in stock,"['Poison Gas', 'Pokemon']","['koffing', 'Levitate', 'Poison Gas']"
Weezing,£48.00,"Weezing alternately shrinks and inflates its twin bodies to mix together toxic gases inside. The more the gases are mixed, the more powerful the toxins become. The Pokémon also becomes more putrid.",117 in stock,"['Poison Gas', 'Pokemon']","['Levitate', 'Poison Gas', 'weezing']"
Rhyhorn,£124.00,"Rhyhorn’s brain is very small. It is so dense, while on a run it forgets why it started running in the first place. It apparently remembers sometimes if it demolishes something.",138 in stock,"['Pokemon', 'Spikes']","['rhyhorn', 'Rock Head', 'Spikes']"
Rhydon,£27.00,"Rhydon has a horn that serves as a drill. It is used for destroying rocks and boulders. This Pokémon occasionally rams into streams of magma, but the armor-like hide prevents it from feeling the heat.",73 in stock,"['Drill', 'Pokemon']","['Drill', 'rhydon', 'Rock Head']"
Chansey,£176.00,"Chansey lays nutritionally excellent eggs on an everyday basis. The eggs are so delicious, they are easily and eagerly devoured by even those people who have lost their appetite.",151 in stock,"['Egg', 'Pokemon']","['chansey', 'Egg', 'Natural Cure']"
Tangela,£64.00,"Tangela’s vines snap off easily if they are grabbed. This happens without pain, allowing it to make a quick getaway. The lost vines are replaced by newly grown vines the very next day.",91 in stock,"['Pokemon', 'Vine']","['Chlorophyll', 'tangela', 'Vine']"
Kangaskhan,£164.00,"If you come across a young Kangaskhan playing by itself, you must never disturb it or attempt to catch it. The baby Pokémon’s parent is sure to be in the area, and it will become violently enraged at you.",35 in stock,"['Parent', 'Pokemon']","['Early Bird', 'kangaskhan', 'Parent']"
Horsea,£154.00,"If Horsea senses danger, it will reflexively spray a dense black ink from its mouth and try to escape. This Pokémon swims by cleverly flapping the fin on its back.",88 in stock,"['Dragon', 'Pokemon']","['Dragon', 'horsea', 'Swift Swim']"
Seadra,£51.00,"Seadra generates whirlpools by spinning its body. The whirlpools are strong enough to swallow even fishing boats. This Pokémon weakens prey with these currents, then swallows it whole.",45 in stock,"['Dragon', 'Pokemon']","['Dragon', 'Poison Point', 'seadra']"
Goldeen,£170.00,"Goldeen loves swimming wild and free in rivers and ponds. If one of these Pokémon is placed in an aquarium, it will shatter even the thickest glass with one ram of its horn and make its escape.",117 in stock,"['Goldfish', 'Pokemon']","['goldeen', 'Goldfish', 'Swift Swim']"
Seaking,£129.00,Seaking is very protective of its eggs. The male and female will take turns patrolling around their nest and eggs. The guarding of eggs by these Pokémon goes on for over a month.,226 in stock,"['Goldfish', 'Pokemon']","['Goldfish', 'seaking', 'Swift Swim']"
Staryu,£166.00,"Staryu apparently communicates with the stars in the night sky by flashing the red core at the center of its body. If parts of its body are torn, this Pokémon simply regenerates the missing pieces and limbs.",292 in stock,"['Pokemon', 'Star Shape']","['Natural Cure', 'Star Shape', 'staryu']"
Starmie,£176.00,Starmie swims through water by spinning its star-shaped body as if it were a propeller on a ship. The core at the center of this Pokémon’s body glows in seven colors.,283 in stock,"['Mysterious', 'Pokemon']","['Mysterious', 'Natural Cure', 'starmie']"
Mr-mime,£144.00,"Mr. Mime is a master of pantomime. Its gestures and motions convince watchers that something unseeable actually exists. Once the watchers are convinced, the unseeable thing exists as if it were real.",105 in stock,"['Barrier', 'Pokemon']","['Barrier', 'mr-mime', 'Soundproof']"
Scyther,£85.00,"Scyther is blindingly fast. Its blazing speed enhances the effectiveness of the twin scythes on its forearms. This Pokémon’s scythes are so effective, they can slice through thick logs in one wicked stroke.",139 in stock,"['Mantis', 'Pokemon']","['Mantis', 'scyther', 'Swarm']"
Jynx,£138.00,"Jynx walks rhythmically, swaying and shaking its hips as if it were dancing. Its motions are so bouncingly alluring, people seeing it are compelled to shake their hips without giving any thought to what they are doing.",197 in stock,"['Human Shape', 'Pokemon']","['Human Shape', 'jynx', 'Oblivious']"
Electabuzz,£125.00,"When a storm arrives, gangs of this Pokémon compete with each other to scale heights that are likely to be stricken by lightning bolts. Some towns use Electabuzz in place of lightning rods.",63 in stock,"['Electric', 'Pokemon']","['electabuzz', 'Electric', 'Static']"
Magmar,£130.00,"In battle, Magmar blows out intensely hot flames from all over its body to intimidate its opponent. This Pokémon’s fiery bursts create heat waves that ignite grass and trees in its surroundings.",16 in stock,"['Pokemon', 'Spitfire']","['Flame Body', 'magmar', 'Spitfire']"
Pinsir,£141.00,"Pinsir has a pair of massive horns. Protruding from the surface of these horns are thorns. These thorns are driven deeply into the foe’s body when the pincer closes, making it tough for the foe to escape.",29 in stock,"['Pokemon', 'Stag Beetle']","['Hyper Cutter', 'pinsir', 'Stag Beetle']"
Tauros,£63.00,"This Pokémon is not satisfied unless it is rampaging at all times. If there is no opponent for Tauros to battle, it will charge at thick trees and knock them down to calm itself.",298 in stock,"['Pokemon', 'Wild Bull']","['Intimidate', 'tauros', 'Wild Bull']"
Magikarp,£43.00,"Magikarp is virtually useless in battle as it can only splash around. As a result, it is considered to be weak. However, it is actually a very hardy Pokémon that can survive in any body of water no matter how polluted it is.",126 in stock,"['Fish', 'Pokemon']","['Fish', 'magikarp', 'Swift Swim']"
Gyarados,£79.00,"Once Gyarados goes on a rampage, its ferociously violent blood doesn’t calm until it has burned everything down. There are records of this Pokémon’s rampages lasting a whole month.",100 in stock,"['Atrocious', 'Pokemon']","['Atrocious', 'gyarados', 'Intimidate']"
Lapras,£172.00,"People have driven Lapras almost to the point of extinction. In the evenings, this Pokémon is said to sing plaintively as it seeks what few others of its kind still remain.",89 in stock,"['Pokemon', 'Transport']","['lapras', 'Transport', 'Water Absorb']"
Ditto,£75.00,"Ditto rearranges its cell structure to transform itself into other shapes. However, if it tries to transform itself into something by relying on its memory, this Pokémon manages to get details wrong.",177 in stock,"['Pokemon', 'Transform']","['ditto', 'Limber', 'Transform']"
Eevee,£112.00,Eevee has an unstable genetic makeup that suddenly mutates due to the environment in which it lives. Radiation from various stones causes this Pokémon to evolve.,234 in stock,"['Evolution', 'Pokemon']","['eevee', 'Evolution', 'Run Away']"
Vaporeon,£147.00,Vaporeon underwent a spontaneous mutation and grew fins and gills that allow it to live underwater. This Pokémon has the ability to freely control water.,226 in stock,"['Bubble Jet', 'Pokemon']","['Bubble Jet', 'vaporeon', 'Water Absorb']"
Jolteon,£158.00,"Jolteon’s cells generate a low level of electricity. This power is amplified by the static electricity of its fur, enabling the Pokémon to drop thunderbolts. The bristling fur is made of electrically charged needles.",37 in stock,"['Lightning', 'Pokemon']","['jolteon', 'Lightning', 'Volt Absorb']"
Flareon,£34.00,"Flareon’s fluffy fur has a functional purpose—it releases heat into the air so that its body does not get excessively hot. This Pokémon’s body temperature can rise to a maximum of 1,650 degrees Fahrenheit.",142 in stock,"['Flame', 'Pokemon']","['Flame', 'flareon', 'Flash Fire']"
Porygon,£178.00,Porygon is capable of reverting itself entirely back to program data and entering cyberspace. This Pokémon is copy protected so it cannot be duplicated by copying.,156 in stock,"['Pokemon', 'Virtual']","['porygon', 'Trace', 'Virtual']"
Omanyte,£162.00,"Omanyte is one of the ancient and long-since-extinct Pokémon that have been regenerated from fossils by people. If attacked by an enemy, it withdraws itself inside its hard shell.",13 in stock,"['Pokemon', 'Spiral']","['omanyte', 'Shell Armor', 'Spiral']"
Omastar,£61.00,"Omastar uses its tentacles to capture its prey. It is believed to have become extinct because its shell grew too large and heavy, causing its movements to become too slow and ponderous.",249 in stock,"['Pokemon', 'Spiral']","['omastar', 'Shell Armor', 'Spiral']"
Kabuto,£79.00,"Kabuto is a Pokémon that has been regenerated from a fossil. However, in extremely rare cases, living examples have been discovered. The Pokémon has not changed at all for 300 million years.",187 in stock,"['Pokemon', 'Shellfish']","['kabuto', 'Shellfish', 'Swift Swim']"
Kabutops,£57.00,Kabutops swam underwater to hunt for its prey in ancient times. The Pokémon was apparently evolving from being a water dweller to living on land as evident from the beginnings of change in its gills and legs.,228 in stock,"['Pokemon', 'Shellfish']","['kabutops', 'Shellfish', 'Swift Swim']"
Aerodactyl,£56.00,Aerodactyl is a Pokémon from the age of dinosaurs. It was regenerated from genetic material extracted from amber. It is imagined to have been the king of the skies in ancient times.,257 in stock,"['Fossil', 'Pokemon']","['aerodactyl', 'Fossil', 'Rock Head']"
Snorlax,£134.00,Snorlax’s typical day consists of nothing more than eating and sleeping. It is such a docile Pokémon that there are children who use its expansive belly as a place to play.,260 in stock,"['Pokemon', 'Sleeping']","['Sleeping', 'snorlax', 'Thick Fat']"
Articuno,£77.00,"Articuno is a legendary bird Pokémon that can control ice. The flapping of its wings chills the air. As a result, it is said that when this Pokémon flies, snow will fall.",101 in stock,"['Freeze', 'Pokemon']","['articuno', 'Freeze', 'Pressure']"
Zapdos,£133.00,Zapdos is a legendary bird Pokémon that has the ability to control electricity. It usually lives in thunderclouds. The Pokémon gains power if it is stricken by lightning bolts.,265 in stock,"['Electric', 'Pokemon']","['Electric', 'Pressure', 'zapdos']"
Moltres,£178.00,"Moltres is a legendary bird Pokémon that has the ability to control fire. If this Pokémon is injured, it is said to dip its body in the molten magma of a volcano to burn and heal itself.",208 in stock,"['Flame', 'Pokemon']","['Flame', 'moltres', 'Pressure']"
Dratini,£94.00,Dratini continually molts and sloughs off its old skin. It does so because the life energy within its body steadily builds to reach uncontrollable levels.,275 in stock,"['Dragon', 'Pokemon']","['Dragon', 'dratini', 'Shed Skin']"
Dragonair,£57.00,Dragonair stores an enormous amount of energy inside its body. It is said to alter weather conditions in its vicinity by discharging energy from the crystals on its neck and tail.,119 in stock,"['Dragon', 'Pokemon']","['Dragon', 'dragonair', 'Shed Skin']"
Dragonite,£69.00,Dragonite is capable of circling the globe in just 16 hours. It is a kindhearted Pokémon that leads lost and foundering ships in a storm to the safety of land.,127 in stock,"['Dragon', 'Pokemon']","['Dragon', 'dragonite', 'Inner Focus']"
Mewtwo,£43.00,"Mewtwo is a Pokémon that was created by genetic manipulation. However, even though the scientific power of humans created this Pokémon’s body, they failed to endow Mewtwo with a compassionate heart.",78 in stock,"['Genetic', 'Pokemon']","['Genetic', 'mewtwo', 'Pressure']"
Mew,£136.00,"Mew is said to possess the genetic composition of all Pokémon. It is capable of making itself invisible at will, so it entirely avoids notice even if it approaches people.",152 in stock,"['New Species', 'Pokemon']","['mew', 'New Species', 'Synchronize']"
Chikorita,£127.00,"In battle, Chikorita waves its leaf around to keep the foe at bay. However, a sweet fragrance also wafts from the leaf, becalming the battling Pokémon and creating a cozy, friendly atmosphere all around.",98 in stock,"['Leaf', 'Pokemon']","['chikorita', 'Leaf', 'Overgrow']"
Bayleef,£44.00,Bayleef’s neck is ringed by curled-up leaves. Inside each tubular leaf is a small shoot of a tree. The fragrance of this shoot makes people peppy.,299 in stock,"['Leaf', 'Pokemon']","['bayleef', 'Leaf', 'Overgrow']"
Meganium,£163.00,"The fragrance of Meganium’s flower soothes and calms emotions. In battle, this Pokémon gives off more of its becalming scent to blunt the foe’s fighting spirit.",71 in stock,"['Herb', 'Pokemon']","['Herb', 'meganium', 'Overgrow']"
Cyndaquil,£154.00,"Cyndaquil protects itself by flaring up the flames on its back. The flames are vigorous if the Pokémon is angry. However, if it is tired, the flames splutter fitfully with incomplete combustion.",184 in stock,"['Fire Mouse', 'Pokemon']","['Blaze', 'cyndaquil', 'Fire Mouse']"
Quilava,£85.00,Quilava keeps its foes at bay with the intensity of its flames and gusts of superheated air. This Pokémon applies its outstanding nimbleness to dodge attacks even while scorching the foe with flames.,263 in stock,"['Pokemon', 'Volcano']","['Blaze', 'quilava', 'Volcano']"
Typhlosion,£191.00,Typhlosion obscures itself behind a shimmering heat haze that it creates using its intensely hot flames. This Pokémon creates blazing explosive blasts that burn everything to cinders.,118 in stock,"['Pokemon', 'Volcano']","['Blaze', 'typhlosion', 'Volcano']"
Totodile,£190.00,"Despite the smallness of its body, Totodile’s jaws are very powerful. While the Pokémon may think it is just playfully nipping, its bite has enough power to cause serious injury.",285 in stock,"['Big Jaw', 'Pokemon']","['Big Jaw', 'Torrent', 'totodile']"
Croconaw,£175.00,"Once Croconaw has clamped its jaws on its foe, it will absolutely not let go. Because the tips of its fangs are forked back like barbed fishhooks, they become impossible to remove when they have sunk in.",255 in stock,"['Big Jaw', 'Pokemon']","['Big Jaw', 'croconaw', 'Torrent']"
Feraligatr,£183.00,"Feraligatr intimidates its foes by opening its huge mouth. In battle, it will kick the ground hard with its thick and powerful hind legs to charge at the foe at an incredible speed.",175 in stock,"['Big Jaw', 'Pokemon']","['Big Jaw', 'feraligatr', 'Torrent']"
Sentret,£48.00,"When Sentret sleeps, it does so while another stands guard. The sentry wakes the others at the first sign of danger. When this Pokémon becomes separated from its pack, it becomes incapable of sleep due to fear.",83 in stock,"['Pokemon', 'Scout']","['Keen Eye', 'Scout', 'sentret']"
Furret,£154.00,"Furret has a very slim build. When under attack, it can slickly squirm through narrow spaces and get away. In spite of its short limbs, this Pokémon is very nimble and fleet.",85 in stock,"['Long Body', 'Pokemon']","['furret', 'Keen Eye', 'Long Body']"
Hoothoot,£48.00,"Hoothoot has an internal organ that senses and tracks the earth’s rotation. Using this special organ, this Pokémon begins hooting at precisely the same time every day.",204 in stock,"['Owl', 'Pokemon']","['hoothoot', 'Keen Eye', 'Owl']"
Noctowl,£170.00,"Noctowl never fails at catching prey in darkness. This Pokémon owes its success to its superior vision that allows it to see in minimal light, and to its soft, supple wings that make no sound in flight.",10 in stock,"['Owl', 'Pokemon']","['Keen Eye', 'noctowl', 'Owl']"
Ledyba,£98.00,Ledyba secretes an aromatic fluid from where its legs join its body. This fluid is used for communicating with others. This Pokémon conveys its feelings to others by altering the fluid’s scent.,83 in stock,"['Five Star', 'Pokemon']","['Five Star', 'ledyba', 'Swarm']"
Ledian,£136.00,"It is said that in lands with clean air, where the stars fill the sky, there live Ledian in countless numbers. There is a good reason for this—the Pokémon uses the light of the stars as its energy.",65 in stock,"['Five Star', 'Pokemon']","['Five Star', 'ledian', 'Swarm']"
Spinarak,£199.00,The web spun by Spinarak can be considered its second nervous system. It is said that this Pokémon can determine what kind of prey is touching its web just by the tiny vibrations it feels through the web’s strands.,136 in stock,"['Pokemon', 'String Spit']","['spinarak', 'String Spit', 'Swarm']"
Ariados,£85.00,Ariados’s feet are tipped with tiny hooked claws that enable it to scuttle on ceilings and vertical walls. This Pokémon constricts the foe with thin and strong silk webbing.,50 in stock,"['Long Leg', 'Pokemon']","['ariados', 'Long Leg', 'Swarm']"
Crobat,£195.00,Crobat sneaks up on its intended prey using wings that barely make a sound. This Pokémon rests by hanging on a tree branch with its rear legs that serve as wings.,245 in stock,"['Bat', 'Pokemon']","['Bat', 'crobat', 'Inner Focus']"
Chinchou,£59.00,"Chinchou’s two antennas are filled with cells that generate strong electricity. This Pokémon’s cells create so much electrical power, it even makes itself tingle slightly.",130 in stock,"['Angler', 'Pokemon']","['Angler', 'chinchou', 'Illuminate']"
Lanturn,£131.00,"Lanturn is known to emit light. If you peer down into the dark sea from a ship at night, you can sometimes see this Pokémon’s light rising from the depths where it swims. It gives the sea an appearance of a starlit night.",218 in stock,"['Light', 'Pokemon']","['Illuminate', 'lanturn', 'Light']"
Pichu,£193.00,"When Pichu plays with others, it may short out electricity with another Pichu, creating a shower of sparks. In that event, this Pokémon will begin crying, startled by the flash of sparks.",64 in stock,"['Pokemon', 'Tiny Mouse']","['pichu', 'Static', 'Tiny Mouse']"
Cleffa,£107.00,"On nights with many shooting stars, Cleffa can be seen dancing in a ring. They dance through the night and stop only at the break of day, when these Pokémon quench their thirst with the morning dew.",187 in stock,"['Pokemon', 'Star Shape']","['cleffa', 'Cute Charm', 'Star Shape']"
Igglybuff,£189.00,Igglybuff has a soft and plushy body that feels very much like a marshmallow. From this body wafts a gently sweet fragrance that soothes and calms the emotions of its foes.,170 in stock,"['Balloon', 'Pokemon']","['Balloon', 'Cute Charm', 'igglybuff']"
Togepi,£47.00,"As its energy, Togepi uses the positive emotions of compassion and pleasure exuded by people and Pokémon. This Pokémon stores up feelings of happiness inside its shell, then shares them with others.",264 in stock,"['Pokemon', 'Spike Ball']","['Serene Grace', 'Spike Ball', 'togepi']"
Togetic,£69.00,"Togetic is said to be a Pokémon that brings good fortune. When the Pokémon spots someone who is pure of heart, it is said to appear and share its happiness with that person.",293 in stock,"['Happiness', 'Pokemon']","['Happiness', 'Serene Grace', 'togetic']"
Natu,£99.00,Natu has a highly developed jumping ability. The Pokémon flaps and leaps onto tree branches that are taller than grown-up people to pick at the tree’s new shoots.,36 in stock,"['Pokemon', 'Tiny Bird']","['natu', 'Synchronize', 'Tiny Bird']"
Xatu,£123.00,Xatu is known to stand motionless while staring at the sun all day long. Some people revere it as a mystical Pokémon out of their belief that Xatu is in possession of the power to see into the future.,196 in stock,"['Mystic', 'Pokemon']","['Mystic', 'Synchronize', 'xatu']"
Mareep,£79.00,"Mareep’s fluffy coat of wool rubs together and builds a static charge. The more static electricity is charged, the more brightly the lightbulb at the tip of its tail glows.",152 in stock,"['Pokemon', 'Wool']","['mareep', 'Static', 'Wool']"
Flaaffy,£163.00,Flaaffy’s wool quality changes so that it can generate a high amount of static electricity with a small amount of wool. The bare and slick parts of its hide are shielded against electricity.,64 in stock,"['Pokemon', 'Wool']","['flaaffy', 'Static', 'Wool']"
Ampharos,£41.00,Ampharos gives off so much light that it can be seen even from space. People in the old days used the light of this Pokémon to send signals back and forth with others far away.,247 in stock,"['Light', 'Pokemon']","['ampharos', 'Light', 'Static']"
Bellossom,£25.00,"A Bellossom grows flowers more beautifully if it has evolved from a smelly Gloom—the more stinky the better. At night, this Pokémon closes its petals and goes to sleep.",234 in stock,"['Flower', 'Pokemon']","['bellossom', 'Chlorophyll', 'Flower']"
Marill,£127.00,"When fishing for food at the edge of a fast-running stream, Marill wraps its tail around the trunk of a tree. This Pokémon’s tail is flexible and configured to stretch.",55 in stock,"['Aqua Mouse', 'Pokemon']","['Aqua Mouse', 'marill', 'Thick Fat']"
Azumarill,£175.00,Azumarill can make balloons out of air. It makes these air balloons if it spots a drowning Pokémon. The air balloons enable the Pokémon in trouble to breathe.,300 in stock,"['Aqua Rabbit', 'Pokemon']","['Aqua Rabbit', 'azumarill', 'Thick Fat']"
Sudowoodo,£54.00,"Sudowoodo camouflages itself as a tree to avoid being attacked by enemies. However, because its hands remain green throughout the year, the Pokémon is easily identified as a fake during the winter.",147 in stock,"['Imitation', 'Pokemon']","['Imitation', 'Rock Head', 'sudowoodo']"
Politoed,£193.00,"The curled hair on Politoed’s head is proof of its status as a king. It is said that the longer and more curled the hair, the more respect this Pokémon earns from its peers.",261 in stock,"['Frog', 'Pokemon']","['Damp', 'Frog', 'politoed']"
Hoppip,£107.00,"This Pokémon drifts and floats with the wind. If it senses the approach of strong winds, Hoppip links its leaves with other Hoppip to prepare against being blown away.",266 in stock,"['Cottonweed', 'Pokemon']","['Chlorophyll', 'Cottonweed', 'hoppip']"
Skiploom,£185.00,"Skiploom’s flower blossoms when the temperature rises above 64 degrees Fahrenheit. How much the flower opens depends on the temperature. For that reason, this Pokémon is sometimes used as a thermometer.",94 in stock,"['Cottonweed', 'Pokemon']","['Chlorophyll', 'Cottonweed', 'skiploom']"
Jumpluff,£107.00,Jumpluff rides warm southern winds to cross the sea and fly to foreign lands. The Pokémon descends to the ground when it encounters cold air while it is floating.,235 in stock,"['Cottonweed', 'Pokemon']","['Chlorophyll', 'Cottonweed', 'jumpluff']"
Aipom,£182.00,"Aipom’s tail ends in a hand-like appendage that can be cleverly manipulated. However, because the Pokémon uses its tail so much, its real hands have become rather clumsy.",92 in stock,"['Long Tail', 'Pokemon']","['aipom', 'Long Tail', 'Run Away']"
Sunkern,£150.00,"Sunkern tries to move as little as it possibly can. It does so because it tries to conserve all the nutrients it has stored in its body for its evolution. It will not eat a thing, subsisting only on morning dew.",255 in stock,"['Pokemon', 'Seed']","['Chlorophyll', 'Seed', 'sunkern']"
Sunflora,£33.00,Sunflora converts solar energy into nutrition. It moves around actively in the daytime when it is warm. It stops moving as soon as the sun goes down for the night.,163 in stock,"['Pokemon', 'Sun']","['Chlorophyll', 'sun', 'sunflora']"
Yanma,£130.00,Yanma is capable of seeing 360 degrees without having to move its eyes. It is a great flier that is adept at making sudden stops and turning midair. This Pokémon uses its flying ability to quickly chase down targeted prey.,130 in stock,"['Clear Wing', 'Pokemon']","['Clear Wing', 'Compound Eyes', 'yanma']"
Wooper,£98.00,"Wooper usually lives in water. However, it occasionally comes out onto land in search of food. On land, it coats its body with a gooey, toxic film.",48 in stock,"['Pokemon', 'Water Fish']","['Damp', 'Water Fish', 'wooper']"
Quagsire,£37.00,"Quagsire hunts for food by leaving its mouth wide open in water and waiting for its prey to blunder in unaware. Because the Pokémon does not move, it does not get very hungry.",292 in stock,"['Pokemon', 'Water Fish']","['Damp', 'quagsire', 'Water Fish']"
Espeon,£177.00,Espeon is extremely loyal to any Trainer it considers to be worthy. It is said that this Pokémon developed its precognitive powers to protect its Trainer from harm.,153 in stock,"['Pokemon', 'Sun']","['espeon', 'sun', 'Synchronize']"
Umbreon,£78.00,Umbreon evolved as a result of exposure to the moon’s waves. It hides silently in darkness and waits for its foes to make a move. The rings on its body glow when it leaps to attack.,186 in stock,"['Moonlight', 'Pokemon']","['Moonlight', 'Synchronize', 'umbreon']"
Murkrow,£178.00,Murkrow was feared and loathed as the alleged bearer of ill fortune. This Pokémon shows strong interest in anything that sparkles or glitters. It will even try to steal rings from women.,246 in stock,"['Darkness', 'Pokemon']","['Darkness', 'Insomnia', 'murkrow']"
Slowking,£174.00,"Slowking undertakes research every day in an effort to solve the mysteries of the world. However, this Pokémon apparently forgets everything it has learned if the Shellder on its head comes off.",55 in stock,"['Pokemon', 'Royal']","['Oblivious', 'Royal', 'slowking']"
Misdreavus,£33.00,"Misdreavus frightens people with a creepy, sobbing cry. The Pokémon apparently uses its red spheres to absorb the fearful feelings of foes and turn them into nutrition.",207 in stock,"['Pokemon', 'Screech']","['Levitate', 'misdreavus', 'Screech']"
Unown,£198.00,"This Pokémon is shaped like ancient writing. It is a mystery as to which came first, the ancient writings or the various Unown. Research into this topic is ongoing but nothing is known.",47 in stock,"['Pokemon', 'Symbol']","['Levitate', 'Symbol', 'unown']"
Wobbuffet,£107.00,"Wobbuffet does nothing but endure attacks—it won’t attack on its own. However, it won’t endure an attack on its tail. When that happens, the Pokémon will try to take the foe with it using Destiny Bond.",113 in stock,"['Patient', 'Pokemon']","['Patient', 'Shadow Tag', 'wobbuffet']"
Girafarig,£99.00,"Girafarig’s rear head contains a tiny brain that is too small for thinking. However, the rear head doesn’t need to sleep, so it can keep watch over its surroundings 24 hours a day.",31 in stock,"['Long Neck', 'Pokemon']","['girafarig', 'Inner Focus', 'Long Neck']"
Gligar,£112.00,"Gligar glides through the air without a sound as if it were sliding. This Pokémon hangs on to the face of its foe using its clawed hind legs and the large pincers on its forelegs, then injects the prey with its poison barb.",140 in stock,"['Fly Scorpion', 'Pokemon']","['Fly Scorpion', 'gligar', 'Sand Veil']"
Steelix,£116.00,Steelix lives even further underground than Onix. This Pokémon is known to dig toward the earth’s core. There are records of this Pokémon reaching a depth of over six-tenths of a mile underground.,157 in stock,"['Iron Snake', 'Pokemon']","['Iron Snake', 'Rock Head', 'steelix']"
Snubbull,£63.00,"By baring its fangs and making a scary face, Snubbull sends smaller Pokémon scurrying away in terror. However, this Pokémon seems a little sad at making its foes flee.",164 in stock,"['Fairy', 'Pokemon']","['Fairy', 'Run Away', 'snubbull']"
Granbull,£59.00,"Granbull has a particularly well-developed lower jaw. The enormous fangs are heavy, causing the Pokémon to tip its head back for balance. Unless it is startled, it will not try to bite indiscriminately.",171 in stock,"['Fairy', 'Pokemon']","['Fairy', 'granbull', 'Intimidate']"
Qwilfish,£77.00,"Qwilfish sucks in water, inflating itself. This Pokémon uses the pressure of the water it swallowed to shoot toxic quills all at once from all over its body. It finds swimming somewhat challenging.",297 in stock,"['Balloon', 'Pokemon']","['Balloon', 'Poison Point', 'qwilfish']"
Scizor,£172.00,Scizor has a body with the hardness of steel. It is not easily fazed by ordinary sorts of attacks. This Pokémon flaps its wings to regulate its body temperature.,198 in stock,"['Pincer', 'Pokemon']","['Pincer', 'scizor', 'Swarm']"
Shuckle,£194.00,"Shuckle quietly hides itself under rocks, keeping its body concealed inside its hard shell while eating berries it has stored away. The berries mix with its body fluids to become a juice.",74 in stock,"['Mold', 'Pokemon']","['Mold', 'shuckle', 'Sturdy']"
Heracross,£143.00,"Heracross has sharp claws on its feet. These are planted firmly into the ground or the bark of a tree, giving the Pokémon a secure and solid footing to forcefully fling away foes with its proud horn.",49 in stock,"['Pokemon', 'Single Horn']","['heracross', 'Single Horn', 'Swarm']"
Sneasel,£108.00,Sneasel scales trees by punching its hooked claws into the bark. This Pokémon seeks out unguarded nests and steals eggs for food while the parents are away.,141 in stock,"['Pokemon', 'Sharp Claw']","['Keen Eye', 'Sharp Claw', 'sneasel']"
Teddiursa,£173.00,This Pokémon likes to lick its palms that are sweetened by being soaked in honey. Teddiursa concocts its own honey by blending fruits and pollen collected by Beedrill.,274 in stock,"['Little Bear', 'Pokemon']","['Little Bear', 'Pickup', 'teddiursa']"
Ursaring,£31.00,"In the forests inhabited by Ursaring, it is said that there are many streams and towering trees where they gather food. This Pokémon walks through its forest gathering food every day.",209 in stock,"['Hibernator', 'Pokemon']","['Guts', 'Hibernator', 'ursaring']"
Magcargo,£36.00,"Magcargo’s body temperature is approximately 18,000 degrees Fahrenheit. Water is vaporized on contact. If this Pokémon is caught in the rain, the raindrops instantly turn into steam, cloaking the area in a thick fog.",210 in stock,"['Lava', 'Pokemon']","['Flame Body', 'Lava', 'magcargo']"
Swinub,£132.00,Swinub roots for food by rubbing its snout against the ground. Its favorite food is a mushroom that grows under the cover of dead grass. This Pokémon occasionally roots out hot springs.,250 in stock,"['Pig', 'Pokemon']","['Oblivious', 'Pig', 'swinub']"
Piloswine,£84.00,Piloswine is covered by a thick coat of long hair that enables it to endure the freezing cold. This Pokémon uses its tusks to dig up food that has been buried under ice.,276 in stock,"['Pokemon', 'Swine']","['Oblivious', 'piloswine', 'Swine']"
Corsola,£27.00,"Clusters of Corsola congregate in warm seas where they serve as ideal hiding places for smaller Pokémon. When the water temperature falls, this Pokémon migrates to the southern seas.",162 in stock,"['Coral', 'Pokemon']","['Coral', 'corsola', 'Natural Cure']"
Remoraid,£122.00,"Remoraid sucks in water, then expels it at high velocity using its abdominal muscles to shoot down flying prey. When evolution draws near, this Pokémon travels downstream from rivers.",46 in stock,"['Jet', 'Pokemon']","['Jet', 'remoraid', 'Sniper']"
Octillery,£94.00,"Octillery grabs onto its foe using its tentacles. This Pokémon tries to immobilize it before delivering the finishing blow. If the foe turns out to be too strong, Octillery spews ink to escape.",150 in stock,"['Jet', 'Pokemon']","['Jet', 'octillery', 'Sniper']"
Delibird,£121.00,"Delibird carries its food bundled up in its tail. There once was a famous explorer who managed to reach the peak of the world’s highest mountain, thanks to one of these Pokémon sharing its food.",141 in stock,"['Delivery', 'Pokemon']","['delibird', 'Delivery', 'Vital Spirit']"
Mantine,£114.00,"On sunny days, schools of Mantine can be seen elegantly leaping over the sea’s waves. This Pokémon is not bothered by the Remoraid that hitches rides.",195 in stock,"['Kite', 'Pokemon']","['Kite', 'mantine', 'Water Absorb']"
Skarmory,£199.00,"Skarmory’s steel wings become tattered and bashed in from repeated battles. Once a year, the battered wings grow back completely, restoring the cutting edges to their pristine state.",102 in stock,"['Armor Bird', 'Pokemon']","['Armor Bird', 'Keen Eye', 'skarmory']"
Houndour,£144.00,Houndour hunt as a coordinated pack. They communicate with each other using a variety of cries to corner their prey. This Pokémon’s remarkable teamwork is unparalleled.,184 in stock,"['Dark', 'Pokemon']","['Dark', 'Flash Fire', 'houndour']"
Houndoom,£78.00,"In a Houndoom pack, the one with its horns raked sharply toward the back serves a leadership role. These Pokémon choose their leader by fighting among themselves.",40 in stock,"['Dark', 'Pokemon']","['Dark', 'Flash Fire', 'houndoom']"
Kingdra,£124.00,"Kingdra sleeps on the seafloor where it is otherwise devoid of life. When a storm arrives, the Pokémon is said to awaken and wander about in search of prey.",206 in stock,"['Dragon', 'Pokemon']","['Dragon', 'kingdra', 'Swift Swim']"
Phanpy,£129.00,"Phanpy uses its long nose to shower itself. When others gather around, they thoroughly douse each other with water. These Pokémon can be seen drying their soaking-wet bodies at the edge of water.",120 in stock,"['Long Nose', 'Pokemon']","['Long Nose', 'phanpy', 'Pickup']"
Donphan,£89.00,"If Donphan were to tackle with its hard body, even a house could be destroyed. Using its massive strength, the Pokémon helps clear rock and mud slides that block mountain trails.",197 in stock,"['Armor', 'Pokemon']","['Armor', 'donphan', 'Sturdy']"
Porygon2,£151.00,Porygon2 was created by humans using the power of science. The man-made Pokémon has been endowed with artificial intelligence that enables it to learn new gestures and emotions on its own.,210 in stock,"['Pokemon', 'Virtual']","['porygon2', 'Trace', 'Virtual']"
Stantler,£33.00,"Stantler’s magnificent antlers were traded at high prices as works of art. As a result, this Pokémon was hunted close to extinction by those who were after the priceless antlers.",278 in stock,"['Big Horn', 'Pokemon']","['Big Horn', 'Intimidate', 'stantler']"
Smeargle,£151.00,"Smeargle marks the boundaries of its territory using a body fluid that leaks out from the tip of its tail. Over 5,000 different marks left by this Pokémon have been found.",56 in stock,"['Painter', 'Pokemon']","['Painter', 'smeargle', 'Technician']"
Tyrogue,£145.00,"Tyrogue becomes stressed out if it does not get to train every day. When raising this Pokémon, the Trainer must establish and uphold various training methods.",76 in stock,"['Pokemon', 'Scuffle']","['Guts', 'Scuffle', 'tyrogue']"
Hitmontop,£149.00,"Hitmontop spins on its head at high speed, all the while delivering kicks. This technique is a remarkable mix of both offense and defense at the same time. The Pokémon travels faster spinning than it does walking.",47 in stock,"['Handstand', 'Pokemon']","['Handstand', 'hitmontop', 'Intimidate']"
Smoochum,£166.00,"Smoochum actively runs about, but also falls quite often. Whenever the chance arrives, it will look for its reflection to make sure its face hasn’t become dirty.",116 in stock,"['Kiss', 'Pokemon']","['Kiss', 'Oblivious', 'smoochum']"
Elekid,£104.00,"Elekid stores electricity in its body. If it touches metal and accidentally discharges all its built-up electricity, this Pokémon begins swinging its arms in circles to recharge itself.",131 in stock,"['Electric', 'Pokemon']","['Electric', 'elekid', 'Static']"
Magby,£40.00,"Magby’s state of health is determined by observing the fire it breathes. If the Pokémon is spouting yellow flames from its mouth, it is in good health. When it is fatigued, black smoke will be mixed in with the flames.",21 in stock,"['Live Coal', 'Pokemon']","['Flame Body', 'Live Coal', 'magby']"
Miltank,£26.00,Miltank gives over five gallons of milk on a daily basis. Its sweet milk is enjoyed by children and grown-ups alike. People who can’t drink milk turn it into yogurt and eat it instead.,12 in stock,"['Milk Cow', 'Pokemon']","['Milk Cow', 'miltank', 'Thick Fat']"
Blissey,£31.00,"Blissey senses sadness with its fluffy coat of fur. If it does so, this Pokémon will rush over to a sad person, no matter how far away, to share a Lucky Egg that brings a smile to any face.",289 in stock,"['Happiness', 'Pokemon']","['blissey', 'Happiness', 'Natural Cure']"
Raikou,£66.00,Raikou embodies the speed of lightning. The roars of this Pokémon send shock waves shuddering through the air and shake the ground as if lightning bolts had come crashing down.,276 in stock,"['Pokemon', 'Thunder']","['Pressure', 'raikou', 'Thunder']"
Entei,£27.00,Entei embodies the passion of magma. This Pokémon is thought to have been born in the eruption of a volcano. It sends up massive bursts of fire that utterly consume all that they touch.,36 in stock,"['Pokemon', 'Volcano']","['entei', 'Pressure', 'Volcano']"
Suicune,£68.00,Suicune embodies the compassion of a pure spring of water. It runs across the land with gracefulness. This Pokémon has the power to purify dirty water.,275 in stock,"['Aurora', 'Pokemon']","['Aurora', 'Pressure', 'suicune']"
Larvitar,£26.00,"Larvitar is born deep under the ground. To come up to the surface, this Pokémon must eat its way through the soil above. Until it does so, Larvitar cannot see its parents.",31 in stock,"['Pokemon', 'Rock Skin']","['Guts', 'larvitar', 'Rock Skin']"
Pupitar,£114.00,Pupitar creates a gas inside its body that it compresses and forcefully ejects to propel itself like a jet. The body is very durable—it avoids damage even if it hits solid steel.,221 in stock,"['Hard Shell', 'Pokemon']","['Hard Shell', 'pupitar', 'Shed Skin']"
Tyranitar,£190.00,"Tyranitar is so overwhelmingly powerful, it can bring down a whole mountain to make its nest. This Pokémon wanders about in mountains seeking new opponents to fight.",86 in stock,"['Armor', 'Pokemon']","['Armor', 'Sand Stream', 'tyranitar']"
Lugia,£86.00,"Lugia’s wings pack devastating power—a light fluttering of its wings can blow apart regular houses. As a result, this Pokémon chooses to live out of sight deep under the sea.",57 in stock,"['Diving', 'Pokemon']","['Diving', 'lugia', 'Pressure']"
Ho-oh,£91.00,Ho-Oh’s feathers glow in seven colors depending on the angle at which they are struck by light. These feathers are said to bring happiness to the bearers. This Pokémon is said to live at the foot of a rainbow.,228 in stock,"['Pokemon', 'Rainbow']","['ho-oh', 'Pressure', 'Rainbow']"
Celebi,£111.00,"This Pokémon came from the future by crossing over time. It is thought that so long as Celebi appears, a bright and shining future awaits us.",154 in stock,"['Pokemon', 'Time Travel']","['celebi', 'Natural Cure', 'Time Travel']"
Treecko,£96.00,"Treecko is cool, calm, and collected—it never panics under any situation. If a bigger foe were to glare at this Pokémon, it would glare right back without conceding an inch of ground.",93 in stock,"['Pokemon', 'Wood Gecko']","['Overgrow', 'treecko', 'Wood Gecko']"
Grovyle,£190.00,"This Pokémon adeptly flies from branch to branch in trees. In a forest, no Pokémon can ever hope to catch a fleeing Grovyle however fast they may be.",195 in stock,"['Pokemon', 'Wood Gecko']","['grovyle', 'Overgrow', 'Wood Gecko']"
Sceptile,£37.00,Sceptile has seeds growing on its back. They are said to be bursting with nutrients that revitalize trees. This Pokémon raises the trees in a forest with loving care.,159 in stock,"['Forest', 'Pokemon']","['Forest', 'Overgrow', 'sceptile']"
Torchic,£28.00,Torchic has a place inside its body where it keeps its flame. Give it a hug—it will be glowing with warmth. This Pokémon is covered all over by a fluffy coat of down.,290 in stock,"['Chick', 'Pokemon']","['Blaze', 'Chick', 'torchic']"
Combusken,£68.00,Combusken battles with the intensely hot flames it spews from its beak and with outstandingly destructive kicks. This Pokémon’s cry is very loud and distracting.,257 in stock,"['Pokemon', 'Young Fowl']","['Blaze', 'combusken', 'Young Fowl']"
Blaziken,£40.00,Blaziken has incredibly strong legs—it can easily clear a 30-story building in one leap. This Pokémon’s blazing punches leave its foes scorched and blackened.,139 in stock,"['Blaze', 'Pokemon']","['Blaze', 'blaziken']"
Mudkip,£140.00,"In water, Mudkip breathes using the gills on its cheeks. If it is faced with a tight situation in battle, this Pokémon will unleash its amazing power—it can crush rocks bigger than itself.",193 in stock,"['Mud Fish', 'Pokemon']","['Mud Fish', 'mudkip', 'Torrent']"
Marshtomp,£152.00,"Marshtomp is much faster at traveling through mud than it is at swimming. This Pokémon’s hindquarters exhibit obvious development, giving it the ability to walk on just its hind legs.",258 in stock,"['Mud Fish', 'Pokemon']","['marshtomp', 'Mud Fish', 'Torrent']"
Swampert,£144.00,"Swampert predicts storms by sensing subtle differences in the sounds of waves and tidal winds with its fins. If a storm is approaching, it piles up boulders to protect itself.",113 in stock,"['Mud Fish', 'Pokemon']","['Mud Fish', 'swampert', 'Torrent']"
Poochyena,£130.00,Poochyena is an omnivore—it will eat anything. A distinguishing feature is how large its fangs are compared to its body. This Pokémon tries to intimidate its foes by making the hair on its tail bristle out.,265 in stock,"['Bite', 'Pokemon']","['Bite', 'poochyena', 'Run Away']"
Mightyena,£175.00,Mightyena travel and act as a pack in the wild. The memory of its life in the wild compels the Pokémon to obey only those Trainers that it recognizes to possess superior skill.,173 in stock,"['Bite', 'Pokemon']","['Bite', 'Intimidate', 'mightyena']"
Zigzagoon,£83.00,The hair on Zigzagoon’s back is bristly. It rubs the hard back hair against trees to leave its territorial markings. This Pokémon may play dead to fool foes in battle.,281 in stock,"['Pokemon', 'Tiny Raccoon']","['Pickup', 'Tiny Raccoon', 'zigzagoon']"
Linoone,£81.00,"When hunting, Linoone will make a beeline straight for the prey at a full run. While this Pokémon is capable of topping 60 mph, it has to come to a screeching halt before it can turn.",24 in stock,"['Pokemon', 'Rushing']","['linoone', 'Pickup', 'Rushing']"
Wurmple,£195.00,Wurmple is targeted by Swellow as prey. This Pokémon will try to resist by pointing the spikes on its rear at the attacking predator. It will weaken the foe by leaking poison from the spikes.,34 in stock,"['Pokemon', 'Worm']","['Shield Dust', 'Worm', 'wurmple']"
Silcoon,£80.00,"Silcoon was thought to endure hunger and not consume anything before its evolution. However, it is now thought that this Pokémon slakes its thirst by drinking rainwater that collects on its silk.",86 in stock,"['Cocoon', 'Pokemon']","['Cocoon', 'Shed Skin', 'silcoon']"
Beautifly,£145.00,"Beautifly has a long mouth like a coiled needle, which is very convenient for collecting pollen from flowers. This Pokémon rides the spring winds as it flits around gathering pollen.",42 in stock,"['Butterfly', 'Pokemon']","['beautifly', 'Butterfly', 'Swarm']"
Cascoon,£166.00,"If it is attacked, Cascoon remains motionless however badly it may be hurt. It does so because if it were to move, its body would be weak upon evolution. This Pokémon will also not forget the pain it endured.",122 in stock,"['Cocoon', 'Pokemon']","['cascoon', 'Cocoon', 'Shed Skin']"
Dustox,£91.00,"When Dustox flaps its wings, a fine dust is scattered all over. This dust is actually a powerful poison that will even make a pro wrestler sick. This Pokémon searches for food using its antennae like radar.",23 in stock,"['Poison Moth', 'Pokemon']","['dustox', 'Poison Moth', 'Shield Dust']"
Lotad,£161.00,"Lotad is said to have dwelled on land before. However, this Pokémon is thought to have returned to water because the leaf on its head grew large and heavy. It now lives by floating atop the water.",187 in stock,"['Pokemon', 'Water Weed']","['lotad', 'Swift Swim', 'Water Weed']"
Lombre,£79.00,"Lombre’s entire body is covered by a slippery, slimy film. It feels horribly unpleasant to be touched by this Pokémon’s hands. Lombre is often mistaken for a human child.",203 in stock,"['Jolly', 'Pokemon']","['Jolly', 'lombre', 'Swift Swim']"
Ludicolo,£189.00,"Upon hearing an upbeat and cheerful rhythm, the cells in Ludicolo’s body become very energetic and active. Even in battle, this Pokémon will exhibit an amazing amount of power.",181 in stock,"['Carefree', 'Pokemon']","['Carefree', 'ludicolo', 'Swift Swim']"
Seedot,£26.00,Seedot looks exactly like an acorn when it is dangling from a tree branch. It startles other Pokémon by suddenly moving. This Pokémon polishes its body once a day using leaves.,28 in stock,"['Acorn', 'Pokemon']","['Acorn', 'Chlorophyll', 'seedot']"
Nuzleaf,£26.00,This Pokémon pulls out the leaf on its head and makes a flute with it. The sound of Nuzleaf’s flute strikes fear and uncertainty in the hearts of people lost in a forest.,216 in stock,"['Pokemon', 'Wily']","['Chlorophyll', 'nuzleaf', 'Wily']"
Shiftry,£157.00,Shiftry’s large fans generate awesome gusts of wind at a speed close to 100 feet per second. The whipped-up wind blows anything away. This Pokémon chooses to live quietly deep in forests.,232 in stock,"['Pokemon', 'Wicked']","['Chlorophyll', 'shiftry', 'Wicked']"
Taillow,£85.00,"Taillow is young—it has only just left its nest. As a result, it sometimes becomes lonesome and cries at night. This Pokémon feeds on Wurmple that live in forests.",204 in stock,"['Pokemon', 'Tiny Swallow']","['Guts', 'taillow', 'Tiny Swallow']"
Swellow,£88.00,"Swellow is very conscientious about the upkeep of its glossy wings. Once two Swellow are gathered, they diligently take care of cleaning each other’s wings.",257 in stock,"['Pokemon', 'Swallow']","['Guts', 'Swallow', 'swellow']"
Wingull,£153.00,Wingull rides updrafts rising from the sea by extending its long and narrow wings to glide. This Pokémon’s long beak is useful for catching prey.,41 in stock,"['Pokemon', 'Seagull']","['Keen Eye', 'Seagull', 'wingull']"
Pelipper,£158.00,"Pelipper searches for food while in flight by skimming the wave tops. This Pokémon dips its large bill in the sea to scoop up food, then swallows everything in one big gulp.",296 in stock,"['Pokemon', 'Water Bird']","['Keen Eye', 'pelipper', 'Water Bird']"
Ralts,£151.00,"Ralts has the ability to sense the emotions of people. If its Trainer is in a cheerful mood, this Pokémon grows cheerful and joyous in the same way.",35 in stock,"['Feeling', 'Pokemon']","['Feeling', 'ralts', 'Synchronize']"
Kirlia,£186.00,"Kirlia uses the horns on its head to amplify its psychokinetic power. When the Pokémon uses its power, the air around it becomes distorted, creating mirages of nonexistent scenery.",148 in stock,"['Emotion', 'Pokemon']","['Emotion', 'kirlia', 'Synchronize']"
Gardevoir,£34.00,Gardevoir has the psychokinetic power to distort the dimensions and create a small black hole. This Pokémon will try to protect its Trainer even at the risk of its own life.,178 in stock,"['Embrace', 'Pokemon']","['Embrace', 'gardevoir', 'Synchronize']"
Surskit,£112.00,"If Surskit senses danger, it secretes a thick, sugary syrup from the tip of its head. There are some Pokémon that love eating this syrup.",41 in stock,"['Pokemon', 'Pond Skater']","['Pond Skater', 'surskit', 'Swift Swim']"
Masquerain,£39.00,"Masquerain’s antennas have eyelike patterns that usually give it an angry look. If the “eyes” are droopy and appear sad, it is said to be a sign that a heavy rainfall is on its way.",99 in stock,"['Eyeball', 'Pokemon']","['Eyeball', 'Intimidate', 'masquerain']"
Shroomish,£31.00,"If Shroomish senses danger, it shakes its body and scatters spores from the top of its head. This Pokémon’s spores are so toxic, they make trees and weeds wilt.",160 in stock,"['Mushroom', 'Pokemon']","['Effect Spore', 'Mushroom', 'shroomish']"
Breloom,£113.00,The seeds ringing Breloom’s tail are made of hardened toxic spores. It is horrible to eat the seeds. Just taking a bite of this Pokémon’s seed will cause your stomach to rumble.,250 in stock,"['Mushroom', 'Pokemon']","['breloom', 'Effect Spore', 'Mushroom']"
Slakoth,£69.00,"Slakoth’s heart beats just once a minute. Whatever happens, it is content to loaf around motionless. It is rare to see this Pokémon in motion.",300 in stock,"['Pokemon', 'Slacker']","['Slacker', 'slakoth', 'Truant']"
Vigoroth,£25.00,"Vigoroth is simply incapable of remaining still. Even when it tries to sleep, the blood in its veins grows agitated, compelling this Pokémon to run wild throughout the jungle before it can settle down.",299 in stock,"['Pokemon', 'Wild Monkey']","['vigoroth', 'Vital Spirit', 'Wild Monkey']"
Slaking,£119.00,"Wherever Slaking live, rings of over a yard in diameter appear in grassy fields. They are made by the Pokémon as it eats all the grass within reach while lying prone on the ground.",145 in stock,"['Lazy', 'Pokemon']","['Lazy', 'slaking', 'Truant']"
Nincada,£38.00,Nincada lives underground. It uses its sharp claws to carve the roots of trees and absorb moisture and nutrients. This Pokémon can’t withstand bright sunlight so avoids it.,239 in stock,"['Pokemon', 'Trainee']","['Compound Eyes', 'nincada', 'Trainee']"
Ninjask,£161.00,"If Ninjask is not trained properly, it will refuse to obey the Trainer and cry loudly continuously. Because of this quality, this Pokémon is said to be one that puts the Trainer’s abilities to the test.",276 in stock,"['Ninja', 'Pokemon']","['Ninja', 'ninjask', 'Speed Boost']"
Shedinja,£128.00,Shedinja is a peculiar Pokémon. It seems to appear unsought in a Poké Ball after a Nincada evolves. This bizarre Pokémon is entirely immobile—it doesn’t even breathe.,152 in stock,"['Pokemon', 'Shed']","['Shed', 'shedinja', 'Wonder Guard']"
Whismur,£137.00,"Whismur is very timid. If it starts to cry loudly, it becomes startled by its own crying and cries even harder. When it finally stops crying, the Pokémon goes to sleep, all tired out.",216 in stock,"['Pokemon', 'Whisper']","['Soundproof', 'whismur', 'Whisper']"
Loudred,£145.00,"Loudred shouts while stamping its feet. After it finishes shouting, this Pokémon becomes incapable of hearing anything for a while. This is considered to be a weak point.",95 in stock,"['Big Voice', 'Pokemon']","['Big Voice', 'loudred', 'Soundproof']"
Exploud,£161.00,Exploud communicates its feelings to the others by emitting whistle-like sounds from the tubes on its body. This Pokémon only raises its voice when it is in battle.,89 in stock,"['Loud Noise', 'Pokemon']","['exploud', 'Loud Noise', 'Soundproof']"
Makuhita,£30.00,"Makuhita has a tireless spirit—it will never give up hope. It eats a lot of food, gets plenty of sleep, and it trains very rigorously. By living that way, this Pokémon packs its body with energy.",109 in stock,"['Guts', 'Pokemon']","['Guts', 'makuhita']"
Hariyama,£176.00,"Hariyama’s thick body may appear fat, but it is actually a hunk of solid muscle. If this Pokémon bears down and tightens all its muscles, its body becomes as hard as a rock.",275 in stock,"['Arm Thrust', 'Pokemon']","['Arm Thrust', 'Guts', 'hariyama']"
Azurill,£70.00,"Azurill’s tail is large and bouncy. It is packed full of the nutrients this Pokémon needs to grow. Azurill can be seen bouncing and playing on its big, rubbery tail.",37 in stock,"['Pokemon', 'Polka Dot']","['azurill', 'Polka Dot', 'Thick Fat']"
Nosepass,£41.00,"Nosepass had been said to be completely unmoving, with its magnetic nose pointed due north. However, close observation has revealed that the Pokémon actually moves by a little over 3/8 of an inch every year.",111 in stock,"['Compass', 'Pokemon']","['Compass', 'nosepass', 'Sturdy']"
Skitty,£156.00,"Skitty is known to chase around playfully after its own tail. In the wild, this Pokémon lives in holes in the trees of forests. It is very popular as a pet because of its adorable looks.",27 in stock,"['Kitten', 'Pokemon']","['Cute Charm', 'Kitten', 'skitty']"
Delcatty,£170.00,"Delcatty sleeps anywhere it wants without keeping a permanent nest. If other Pokémon approach it as it sleeps, this Pokémon will never fight—it will just move away somewhere else.",148 in stock,"['Pokemon', 'Prim']","['Cute Charm', 'delcatty', 'Prim']"
Sableye,£81.00,Sableye digs the ground with sharpened claws to find rocks that it eats. Substances in the eaten rocks crystallize and rise up to the Pokémon’s body surface.,12 in stock,"['Darkness', 'Pokemon']","['Darkness', 'Keen Eye', 'sableye']"
Mawile,£119.00,"Don’t be taken in by this Pokémon’s cute face—it’s very dangerous. Mawile fools the foe into letting down its guard, then chomps down with its massive jaws. The steel jaws are really horns that have been transformed.",133 in stock,"['Deceiver', 'Pokemon']","['Deceiver', 'Intimidate', 'mawile']"
Aron,£149.00,"Aron has a body of steel. With one all-out charge, this Pokémon can demolish even a heavy dump truck. The destroyed dump truck then becomes a handy meal for the Pokémon.",104 in stock,"['Iron Armor', 'Pokemon']","['aron', 'Iron Armor', 'Rock Head']"
Lairon,£70.00,"Lairon feeds on iron contained in rocks and water. It makes its nest on mountains where iron ore is buried. As a result, the Pokémon often clashes with humans mining the iron ore.",236 in stock,"['Iron Armor', 'Pokemon']","['Iron Armor', 'lairon', 'Rock Head']"
Aggron,£140.00,"Aggron is protective of its environment. If its mountain is ravaged by a landslide or a fire, this Pokémon will haul topsoil to the area, plant trees, and beautifully restore its own territory.",61 in stock,"['Iron Armor', 'Pokemon']","['aggron', 'Iron Armor', 'Rock Head']"
Meditite,£97.00,Meditite heightens its inner energy through meditation. It survives on just one berry a day. Minimal eating is another aspect of this Pokémon’s training.,11 in stock,"['Meditate', 'Pokemon']","['Meditate', 'meditite', 'Pure Power']"
Medicham,£77.00,"Through the power of meditation, Medicham developed its sixth sense. It gained the ability to use psychokinetic powers. This Pokémon is known to meditate for a whole month without eating.",150 in stock,"['Meditate', 'Pokemon']","['medicham', 'Meditate', 'Pure Power']"
Electrike,£145.00,"Electrike runs faster than the human eye can follow. The friction from running is converted into electricity, which is then stored in this Pokémon’s fur.",124 in stock,"['Lightning', 'Pokemon']","['electrike', 'Lightning', 'Static']"
Manectric,£76.00,Manectric discharges strong electricity from its mane. The mane is used for collecting electricity in the atmosphere. This Pokémon creates thunderclouds above its head.,237 in stock,"['Discharge', 'Pokemon']","['Discharge', 'manectric', 'Static']"
Plusle,£56.00,"When Plusle is cheering on its partner, it flashes with electric sparks from all over its body. If its partner loses, this Pokémon cries loudly.",243 in stock,"['Cheering', 'Pokemon']","['Cheering', 'Plus', 'plusle']"
Minun,£193.00,"Minun loves to cheer on its partner in battle. It gives off sparks from its body while it is doing so. If its partner is in trouble, this Pokémon gives off increasing amounts of sparks.",215 in stock,"['Cheering', 'Pokemon']","['Cheering', 'minun', 'Minus']"
Volbeat,£123.00,"Volbeat’s tail glows like a lightbulb. With other Volbeat, it uses its tail to draw geometric shapes in the night sky. This Pokémon loves the sweet aroma given off by Illumise.",79 in stock,"['Firefly', 'Pokemon']","['Firefly', 'Swarm', 'volbeat']"
Illumise,£167.00,Illumise leads a flight of illuminated Volbeat to draw signs in the night sky. This Pokémon is said to earn greater respect from its peers by composing more complex designs in the sky.,77 in stock,"['Firefly', 'Pokemon']","['Firefly', 'illumise', 'Tinted Lens']"
Roselia,£90.00,"On extremely rare occasions, a Roselia is said to appear with its flowers in unusual colors. The thorns on this Pokémon’s head contain a vicious poison.",114 in stock,"['Pokemon', 'Thorn']","['Poison Point', 'roselia', 'Thorn']"
Gulpin,£136.00,Most of Gulpin’s body is made up of its stomach—its heart and brain are very small in comparison. This Pokémon’s stomach contains special enzymes that dissolve anything.,35 in stock,"['Pokemon', 'Stomach']","['gulpin', 'Liquid Ooze', 'Stomach']"
Swalot,£130.00,"Swalot has no teeth, so what it eats, it swallows whole, no matter what. Its cavernous mouth yawns widely. An automobile tire could easily fit inside this Pokémon’s mouth.",133 in stock,"['Poison Bag', 'Pokemon']","['Liquid Ooze', 'Poison Bag', 'swalot']"
Carvanha,£25.00,"If anything invades Carvanha’s territory, it will swarm and tear at the intruder with its pointed fangs. On its own, however, this Pokémon turns suddenly timid.",80 in stock,"['Pokemon', 'Savage']","['carvanha', 'Rough Skin', 'Savage']"
Sharpedo,£129.00,Sharpedo can swim at speeds of up to 75 mph by jetting seawater out of its backside. This Pokémon’s drawback is its inability to swim long distances.,160 in stock,"['Brutal', 'Pokemon']","['Brutal', 'Rough Skin', 'sharpedo']"
Wailmer,£90.00,"Wailmer can store water inside its body to transform itself into a ball for bouncing around on the ground. By filling itself up with more water, this Pokémon can elevate the height of its bounces.",115 in stock,"['Ball Whale', 'Pokemon']","['Ball Whale', 'Oblivious', 'wailmer']"
Wailord,£150.00,"When chasing prey, Wailord herds them by leaping out of the water and making a humongous splash. It is breathtaking to see this Pokémon leaping out of the sea with others in its pod.",47 in stock,"['Float Whale', 'Pokemon']","['Float Whale', 'Oblivious', 'wailord']"
Numel,£170.00,"Numel stores magma of almost 2,200 degrees Fahrenheit within its body. If it gets wet, the magma cools and hardens. In that event, the Pokémon’s body grows heavy and its movements become sluggish.",179 in stock,"['Numb', 'Pokemon']","['Numb', 'numel', 'Oblivious']"
Camerupt,£124.00,The humps on Camerupt’s back are formed by a transformation of its bones. They sometimes blast out molten magma. This Pokémon apparently erupts often when it is enraged.,27 in stock,"['Eruption', 'Pokemon']","['camerupt', 'Eruption', 'Magma Armor']"
Torkoal,£98.00,"Torkoal generates energy by burning coal. It grows weaker as the fire dies down. When it is preparing for battle, this Pokémon burns more coal.",282 in stock,"['Coal', 'Pokemon']","['Coal', 'torkoal', 'White Smoke']"
Spoink,£163.00,Spoink keeps a pearl on top of its head. The pearl functions to amplify this Pokémon’s psychokinetic powers. It is therefore on a constant search for a bigger pearl.,208 in stock,"['Bounce', 'Pokemon']","['Bounce', 'Own Tempo', 'spoink']"
Grumpig,£182.00,"Grumpig uses the black pearls on its body to wield its fantastic powers. When it is doing so, it dances bizarrely. This Pokémon’s black pearls are valuable as works of art.",60 in stock,"['Manipulate', 'Pokemon']","['grumpig', 'Manipulate', 'Own Tempo']"
Spinda,£149.00,No two Spinda are said to have identical spot patterns on their hides. This Pokémon moves in a curious manner as if it is stumbling in dizziness. Its lurching movements can cause the opponent to become confused.,156 in stock,"['Pokemon', 'Spot Panda']","['spinda', 'Spot Panda', 'Tangled Feet']"
Trapinch,£116.00,Trapinch is a patient hunter. It digs an inescapable pit in a desert and waits for its prey to come tumbling down. This Pokémon can go a whole week without access to any water.,269 in stock,"['Ant Pit', 'Pokemon']","['Ant Pit', 'Arena Trap', 'trapinch']"
Vibrava,£200.00,"Vibrava’s wings have not yet completed the process of growing. Rather than flying long distances, they are more useful for generating ultrasonic waves by vibrating.",218 in stock,"['Pokemon', 'Vibration']","['Levitate', 'Vibration', 'vibrava']"
Flygon,£174.00,"Flygon whips up a sandstorm by flapping its wings. The wings create a series of notes that sound like singing. Because the “singing” is the only thing that can be heard in a sandstorm, this Pokémon is said to be the desert spirit.",42 in stock,"['Mystic', 'Pokemon']","['flygon', 'Levitate', 'Mystic']"
Cacnea,£105.00,"The more arid and harsh the environment, the more pretty and fragrant a flower Cacnea grows. This Pokémon battles by wildly swinging its thorny arms.",31 in stock,"['Cactus', 'Pokemon']","['cacnea', 'Cactus', 'Sand Veil']"
Cacturne,£31.00,"If a traveler is going through a desert in the thick of night, Cacturne will follow in a ragtag group. The Pokémon are biding their time, waiting for the traveler to tire and become incapable of moving.",204 in stock,"['Pokemon', 'Scarecrow']","['cacturne', 'Sand Veil', 'Scarecrow']"
Swablu,£121.00,"Swablu loves to make things clean. If it spots something dirty, it will wipe and polish it with its cottony wings. If its wings become dirty, this Pokémon finds a stream and showers itself.",169 in stock,"['Cotton Bird', 'Pokemon']","['Cotton Bird', 'Natural Cure', 'swablu']"
Altaria,£104.00,Altaria sings in a gorgeous soprano. Its wings are like cotton clouds. This Pokémon catches updrafts with its buoyant wings and soars way up into the wild blue yonder.,136 in stock,"['Humming', 'Pokemon']","['altaria', 'Humming', 'Natural Cure']"
Seviper,£107.00,Seviper’s swordlike tail serves two purposes—it slashes foes and douses them with secreted poison. This Pokémon will not give up its long-running blood feud with Zangoose.,300 in stock,"['Fang Snake', 'Pokemon']","['Fang Snake', 'seviper', 'Shed Skin']"
Lunatone,£177.00,"Lunatone becomes active around the time of the full moon. Instead of walking, it moves by floating in midair. The Pokémon’s intimidating red eyes cause all those who see it to become transfixed with fear.",91 in stock,"['Meteorite', 'Pokemon']","['Levitate', 'lunatone', 'Meteorite']"
Solrock,£57.00,Sunlight is the source of Solrock’s power. It is said to possess the ability to read the emotions of others. This Pokémon gives off intense heat while rotating its body.,91 in stock,"['Meteorite', 'Pokemon']","['Levitate', 'Meteorite', 'solrock']"
Whiscash,£179.00,"If Whiscash goes on a wild rampage, it sets off a quake-like tremor with a radius of over three miles. This Pokémon has the ability to predict real earthquakes.",266 in stock,"['Pokemon', 'Whiskers']","['Oblivious', 'whiscash', 'Whiskers']"
Corphish,£178.00,Corphish catches prey with its sharp claws. It has no likes or dislikes when it comes to food—it will eat anything. This Pokémon has no trouble living in filthy water.,62 in stock,"['Pokemon', 'Ruffian']","['corphish', 'Ruffian', 'Shell Armor']"
Crawdaunt,£173.00,"Crawdaunt molts (sheds) its shell regularly. Immediately after molting, its shell is soft and tender. Until the shell hardens, this Pokémon hides in its streambed burrow to avoid attack from its foes.",21 in stock,"['Pokemon', 'Rogue']","['crawdaunt', 'Rogue', 'Shell Armor']"
Baltoy,£167.00,"As soon as it spots others of its kind, Baltoy congregates with them and then begins crying noisily in unison. This Pokémon sleeps while cleverly balancing itself on its one foot.",159 in stock,"['Clay Doll', 'Pokemon']","['baltoy', 'Clay Doll', 'Levitate']"
Claydol,£197.00,"Claydol is an enigma that appeared from a clay statue made by an ancient civilization dating back 20,000 years. This Pokémon shoots beams from both its hands.",128 in stock,"['Clay Doll', 'Pokemon']","['Clay Doll', 'claydol', 'Levitate']"
Lileep,£87.00,"Lileep is an ancient Pokémon that was regenerated from a fossil. It remains permanently anchored to a rock. From its immobile perch, this Pokémon intently scans for prey with its two eyes.",268 in stock,"['Pokemon', 'Sea Lily']","['lileep', 'Sea Lily', 'Suction Cups']"
Cradily,£154.00,"Cradily’s body serves as an anchor, preventing it from being washed away in rough seas. This Pokémon secretes a strong digestive fluid from its tentacles.",183 in stock,"['Barnacle', 'Pokemon']","['Barnacle', 'cradily', 'Suction Cups']"
Anorith,£64.00,"Anorith is said to be a type of Pokémon predecessor, with eight wings at the sides of its body. This Pokémon swam in the primordial sea by undulating these eight wings.",222 in stock,"['Old Shrimp', 'Pokemon']","['anorith', 'Battle Armor', 'Old Shrimp']"
Armaldo,£42.00,"Armaldo is a Pokémon species that became extinct in prehistoric times. This Pokémon is said to have walked on its hind legs, which would have been more convenient for life on land.",78 in stock,"['Plate', 'Pokemon']","['armaldo', 'Battle Armor', 'Plate']"
Feebas,£194.00,"While Feebas’s body is in tatters, it has a hardy and tenacious life force that enables it to live anywhere. However, this Pokémon is also slow and dimwitted, making it an easy catch.",146 in stock,"['Fish', 'Pokemon']","['feebas', 'Fish', 'Oblivious']"
Milotic,£152.00,"Milotic live at the bottom of large lakes. When this Pokémon’s body glows a vivid pink, it releases a pulsing wave of energy that brings soothing calm to troubled hearts.",79 in stock,"['Pokemon', 'Tender']","['Marvel Scale', 'milotic', 'Tender']"
Castform,£119.00,"Castform borrows the power of nature to transform itself into the guises of the sun, rain, and snow-clouds. This Pokémon’s feelings change with the weather.",131 in stock,"['Pokemon', 'Weather']","['castform', 'Forecast', 'Weather']"
Kecleon,£100.00,"Kecleon alters its body coloration to blend in with its surroundings, allowing it to sneak up on its prey unnoticed. Then it lashes out with its long, stretchy tongue to instantly ensnare the unsuspecting target.",53 in stock,"['Color Swap', 'Pokemon']","['Color Change', 'Color Swap', 'kecleon']"
Shuppet,£174.00,"Shuppet grows by feeding on dark emotions, such as vengefulness and envy, in the hearts of people. It roams through cities in search of grudges that taint people.",138 in stock,"['Pokemon', 'Puppet']","['Insomnia', 'Puppet', 'shuppet']"
Banette,£104.00,"A cursed energy permeated the stuffing of a discarded and forgotten plush doll, giving it new life as Banette. The Pokémon’s energy would escape if it were to ever open its mouth.",233 in stock,"['Marionette', 'Pokemon']","['banette', 'Insomnia', 'Marionette']"
Duskull,£139.00,Duskull wanders lost among the deep darkness of midnight. There is an oft-told admonishment given to misbehaving children that this Pokémon will spirit away bad children who earn scoldings from their mothers.,75 in stock,"['Pokemon', 'Requiem']","['duskull', 'Levitate', 'Requiem']"
Dusclops,£39.00,"Dusclops absorbs anything, however large the object may be. This Pokémon hypnotizes its foe by waving its hands in a macabre manner and by bringing its single eye to bear. The hypnotized foe is made to do Dusclops’s bidding.",82 in stock,"['Beckon', 'Pokemon']","['Beckon', 'dusclops', 'Pressure']"
Tropius,£196.00,Children of the southern tropics eat as snacks the fruit that grows in bunches around the neck of Tropius. This Pokémon flies by flapping the leaves on its back as if they were wings.,66 in stock,"['Fruit', 'Pokemon']","['Chlorophyll', 'fruit', 'tropius']"
Chimecho,£51.00,"In high winds, Chimecho cries as it hangs from a tree branch or the eaves of a building using a suction cup on its head. This Pokémon plucks berries with its long tail and eats them.",43 in stock,"['Pokemon', 'Wind Chime']","['chimecho', 'Levitate', 'Wind Chime']"
Absol,£134.00,"Absol has the ability to foretell the coming of natural disasters. It lives in a harsh, rugged mountain environment. This Pokémon very rarely ventures down from the mountains.",59 in stock,"['Disaster', 'Pokemon']","['absol', 'Disaster', 'Pressure']"
Wynaut,£168.00,"Wynaut gather on moonlit nights to play by squeezing up against each other. By being squeezed, this Pokémon gains endurance and is trained to dole out powerful counterattacks.",155 in stock,"['Bright', 'Pokemon']","['Bright', 'Shadow Tag', 'wynaut']"
Snorunt,£82.00,Snorunt survives by eating only snow and ice. Old folklore claims that a house visited by this Pokémon is sure to prosper for many generations to come.,80 in stock,"['Pokemon', 'Snow Hat']","['Inner Focus', 'snorunt', 'Snow Hat']"
Glalie,£178.00,"Glalie has the ability to freely control ice. For example, it can instantly freeze its prey solid. After immobilizing its prey in ice, this Pokémon enjoys eating it in leisurely fashion.",14 in stock,"['Face', 'Pokemon']","['Face', 'glalie', 'Inner Focus']"
Spheal,£193.00,"Spheal always travels by rolling around on its ball-like body. When the season for ice floes arrives, this Pokémon can be seen rolling about on ice and crossing the sea.",170 in stock,"['Clap', 'Pokemon']","['Clap', 'spheal', 'Thick Fat']"
Sealeo,£160.00,"Sealeo often balances and rolls things on the tip of its nose. While the Pokémon is rolling something, it checks the object’s aroma and texture to determine whether it likes the object or not.",171 in stock,"['Ball Roll', 'Pokemon']","['Ball Roll', 'sealeo', 'Thick Fat']"
Walrein,£27.00,"Walrein swims all over in frigid seawater while crushing icebergs with its grand, imposing tusks. Its thick layer of blubber makes enemy attacks bounce off harmlessly.",226 in stock,"['Ice Break', 'Pokemon']","['Ice Break', 'Thick Fat', 'walrein']"
Clamperl,£48.00,"Clamperl grows while being protected by its rock-hard shell. When its body becomes too large to fit inside the shell, it is sure evidence that this Pokémon is getting close to evolution.",139 in stock,"['Bivalve', 'Pokemon']","['Bivalve', 'clamperl', 'Shell Armor']"
Huntail,£52.00,"Huntail’s tail is shaped like a fish. It uses the tail to attract prey, then swallows the prey whole with its large, gaping mouth. This Pokémon swims by wiggling its slender body like a snake.",54 in stock,"['Deep Sea', 'Pokemon']","['Deep Sea', 'huntail', 'Swift Swim']"
Gorebyss,£150.00,"Although Gorebyss is the very picture of elegance and beauty while swimming, it is also cruel. When it spots prey, this Pokémon inserts its thin mouth into the prey’s body and drains the prey of its body fluids.",165 in stock,"['Pokemon', 'South Sea']","['gorebyss', 'South Sea', 'Swift Swim']"
Relicanth,£157.00,Relicanth is a rare species that was discovered in deep-sea explorations. This Pokémon’s body withstands the enormous water pressure of the ocean depths. Its body is covered in tough scales that are like craggy rocks.,14 in stock,"['Longevity', 'Pokemon']","['Longevity', 'relicanth', 'Rock Head']"
Luvdisc,£44.00,Luvdisc’s heart-shaped body is a symbol of love and romance. It is said that any couple meeting this Pokémon is promised a loving relationship that never ends.,190 in stock,"['Pokemon', 'Rendezvous']","['luvdisc', 'Rendezvous', 'Swift Swim']"
Bagon,£34.00,"Bagon harbors a never-ending dream of one day soaring high among the clouds. As if trying to dispel its frustration over its inability to fly, this Pokémon slams its hard head against huge rocks and shatters them into pebbles.",232 in stock,"['Pokemon', 'Rock Head']","['bagon', 'Rock Head']"
Shelgon,£56.00,"Covering Shelgon’s body are outgrowths much like bones. The shell is very hard and bounces off enemy attacks. When awaiting evolution, this Pokémon hides away in a cavern.",76 in stock,"['Endurance', 'Pokemon']","['Endurance', 'Rock Head', 'shelgon']"
Salamence,£62.00,"By evolving into Salamence, this Pokémon finally realizes its long-held dream of growing wings. To express its joy, it flies and wheels all over the sky while spouting flames from its mouth.",242 in stock,"['Dragon', 'Pokemon']","['Dragon', 'Intimidate', 'salamence']"
Beldum,£122.00,"Beldum keeps itself floating by generating a magnetic force that repels earth’s natural magnetism. When it sleeps, this Pokémon anchors itself to a cliff using the hooks on its rear.",93 in stock,"['Iron Ball', 'Pokemon']","['beldum', 'Clear Body', 'Iron Ball']"
Metang,£78.00,"When two Beldum fuse together, Metang is formed. The brains of the Beldum are joined by a magnetic nervous system. This Pokémon turns its arms to the rear for traveling at high speed.",227 in stock,"['Iron Claw', 'Pokemon']","['Clear Body', 'Iron Claw', 'metang']"
Metagross,£170.00,"Metagross is the result of two Metang achieving fusion. When hunting, this Pokémon pins the prey to the ground under its massive body. It then eats the helpless victim using the large mouth on its stomach.",177 in stock,"['Iron Leg', 'Pokemon']","['Clear Body', 'Iron Leg', 'metagross']"
Regirock,£66.00,"Regirock’s body is composed entirely of rocks. Recently, a study made the startling discovery that the rocks were all unearthed from different locations.",65 in stock,"['Pokemon', 'Rock Peak']","['Clear Body', 'regirock', 'Rock Peak']"
Regice,£165.00,"Regice cloaks itself with frigid air of -328 degrees Fahrenheit. Things will freeze solid just by going near this Pokémon. Its icy body is so cold, it will not melt even if it is immersed in magma.",107 in stock,"['Iceberg', 'Pokemon']","['Clear Body', 'Iceberg', 'regice']"
Registeel,£196.00,Registeel was imprisoned by people in ancient times. The metal composing its body is thought to be a curious substance that is not of this earth.,67 in stock,"['Iron', 'Pokemon']","['Clear Body', 'Iron', 'registeel']"
Latias,£126.00,Latias is highly intelligent and capable of understanding human speech. It is covered with a glass-like down. The Pokémon enfolds its body with its down and refracts light to alter its appearance.,245 in stock,"['Eon', 'Pokemon']","['Eon', 'latias', 'Levitate']"
Latios,£166.00,Latios will only open its heart to a Trainer with a compassionate spirit. This Pokémon can fly faster than a jet plane by folding its forelegs to minimize air resistance.,197 in stock,"['Eon', 'Pokemon']","['Eon', 'latios', 'Levitate']"
Kyogre,£27.00,"Kyogre is said to be the personification of the sea itself. Legends tell of its many clashes against Groudon, as each sought to gain the power of nature.",136 in stock,"['Pokemon', 'Sea Basin']","['Drizzle', 'kyogre', 'Sea Basin']"
Groudon,£124.00,"Through Primal Reversion and with nature’s full power, it will take back its true form. It can cause magma to erupt and expand the landmass of the world.",138 in stock,"['Continent', 'Pokemon']","['Continent', 'Drought', 'groudon']"
Rayquaza,£97.00,"It flies forever through the ozone layer, consuming meteoroids for sustenance. The many meteoroids in its body provide the energy it needs to Mega Evolve.",31 in stock,"['Pokemon', 'Sky High']","['Air Lock', 'rayquaza', 'Sky High']"
Jirachi,£111.00,Jirachi will awaken from its sleep of a thousand years if you sing to it in a voice of purity. It is said to make true any wish that people desire.,294 in stock,"['Pokemon', 'Wish']","['jirachi', 'Serene Grace', 'Wish']"
Turtwig,£101.00,"It undertakes photosynthesis with its body, making oxygen. The leaf on its head wilts if it is thirsty.",254 in stock,"['Pokemon', 'Tiny Leaf']","['Overgrow', 'Tiny Leaf', 'turtwig']"
Grotle,£154.00,It knows where pure water wells up. It carries fellow Pokémon there on its back.,187 in stock,"['Grove', 'Pokemon']","['grotle', 'Grove', 'Overgrow']"
Torterra,£87.00,Small Pokémon occasionally gather on its unmoving back to begin building their nests.,146 in stock,"['Continent', 'Pokemon']","['Continent', 'Overgrow', 'torterra']"
Chimchar,£143.00,The gas made in its belly burns from its rear end. The fire burns weakly when it feels sick.,242 in stock,"['Chimp', 'Pokemon']","['Blaze', 'chimchar', 'Chimp']"
Monferno,£68.00,It uses ceilings and walls to launch aerial attacks. Its fiery tail is but one weapon.,299 in stock,"['Playful', 'Pokemon']","['Blaze', 'monferno', 'Playful']"
Infernape,£165.00,It tosses its enemies around with agility. It uses all its limbs to fight in its own unique style.,82 in stock,"['Flame', 'Pokemon']","['Blaze', 'Flame', 'infernape']"
Prinplup,£177.00,It lives a solitary life. Its wings deliver wicked blows that can snap even the thickest of trees.,52 in stock,"['Penguin', 'Pokemon']","['Penguin', 'prinplup', 'Torrent']"
Empoleon,£42.00,The three horns that extend from its beak attest to its power. The leader has the biggest horns.,232 in stock,"['Emperor', 'Pokemon']","['Emperor', 'empoleon', 'Torrent']"
Starly,£59.00,"They flock around mountains and fields, chasing after bug Pokémon. Their singing is noisy and annoying.",110 in stock,"['Pokemon', 'Starling']","['Keen Eye', 'Starling', 'starly']"
Staravia,£158.00,It lives in forests and fields. Squabbles over territory occur when flocks collide.,263 in stock,"['Pokemon', 'Starling']","['Intimidate', 'staravia', 'Starling']"
Staraptor,£42.00,"When Staravia evolve into Staraptor, they leave the flock to live alone. They have sturdy wings.",131 in stock,"['Pokemon', 'Predator']","['Intimidate', 'Predator', 'staraptor']"
Bidoof,£128.00,It constantly gnaws on logs and rocks to whittle down its front teeth. It nests alongside water.,264 in stock,"['Plump Mouse', 'Pokemon']","['bidoof', 'Plump Mouse', 'Simple']"
Bibarel,£114.00,It makes its nest by damming streams with bark and mud. It is known as an industrious worker.,156 in stock,"['Beaver', 'Pokemon']","['Beaver', 'bibarel', 'Simple']"
Kricketot,£94.00,"When its antennae hit each other, it sounds like the music of a xylophone.",137 in stock,"['Cricket', 'Pokemon']","['Cricket', 'kricketot', 'Shed Skin']"
Kricketune,£53.00,It signals its emotions with its melodies. Scientists are studying these melodic patterns.,186 in stock,"['Cricket', 'Pokemon']","['Cricket', 'kricketune', 'Swarm']"
Shinx,£149.00,All of its fur dazzles if danger is sensed. It flees while the foe is momentarily blinded.,295 in stock,"['Flash', 'Pokemon']","['Flash', 'Intimidate', 'shinx']"
Luxio,£168.00,Strong electricity courses through the tips of its sharp claws. A light scratch causes fainting in foes.,222 in stock,"['Pokemon', 'Spark']","['Intimidate', 'luxio', 'Spark']"
Luxray,£43.00,Luxray’s ability to see through objects comes in handy when it’s scouting for danger.,227 in stock,"['Gleam Eyes', 'Pokemon']","['Gleam Eyes', 'Intimidate', 'luxray']"
Budew,£171.00,"Over the winter, it closes its bud and endures the cold. In spring, the bud opens and releases pollen.",62 in stock,"['Bud', 'Pokemon']","['Bud', 'budew', 'Poison Point']"
Roserade,£155.00,"With the movements of a dancer, it strikes with whips that are densely lined with poison thorns.",116 in stock,"['Bouquet', 'Pokemon']","['Bouquet', 'Poison Point', 'roserade']"
Cranidos,£47.00,"A lifelong jungle dweller from 100 million years ago, it would snap obstructing trees with headbutts.",98 in stock,"['Head Butt', 'Pokemon']","['cranidos', 'Head Butt', 'Mold Breaker']"
Rampardos,£196.00,Its skull is as hard as iron. It is a brute that tears down jungle trees while catching prey.,91 in stock,"['Head Butt', 'Pokemon']","['Head Butt', 'Mold Breaker', 'rampardos']"
Shieldon,£42.00,It was generated from a fossil dug out of a layer of clay that was older than anyone knows. It has a sturdy face.,284 in stock,"['Pokemon', 'Shield']","['Shield', 'shieldon', 'Sturdy']"
Bastiodon,£191.00,Any frontal attack is repulsed. It is a docile Pokémon that feeds on grass and berries.,14 in stock,"['Pokemon', 'Shield']","['bastiodon', 'Shield', 'Sturdy']"
Burmy,£91.00,"If its cloak is broken in battle, it quickly remakes the cloak with materials nearby.",266 in stock,"['Bagworm', 'Pokemon']","['Bagworm', 'burmy', 'Shed Skin']"
Mothim,£177.00,It flutters around at night and steals honey from the Combee hive.,151 in stock,"['Moth', 'Pokemon']","['Moth', 'mothim', 'Swarm']"
Combee,£111.00,"It collects and delivers honey to its colony. At night, they cluster to form a beehive and sleep.",254 in stock,"['Pokemon', 'Tiny Bee']","['combee', 'Honey Gather', 'Tiny Bee']"
Vespiquen,£104.00,Its abdomen is a honeycomb for grubs. It raises its grubs on honey collected by Combee.,123 in stock,"['Beehive', 'Pokemon']","['Beehive', 'Pressure', 'vespiquen']"
Pachirisu,£151.00,A pair may be seen rubbing their cheek pouches together in an effort to share stored electricity.,86 in stock,"['EleSquirrel', 'Pokemon']","['EleSquirrel', 'pachirisu', 'Run Away']"
Buizel,£55.00,It inflates the flotation sac around its neck and pokes its head out of the water to see what is going on.,62 in stock,"['Pokemon', 'Sea Weasel']","['buizel', 'Sea Weasel', 'Swift Swim']"
Floatzel,£40.00,Its flotation sac developed as a result of pursuing aquatic prey. It can double as a rubber raft.,116 in stock,"['Pokemon', 'Sea Weasel']","['floatzel', 'Sea Weasel', 'Swift Swim']"
Cherubi,£101.00,It evolves by sucking the energy out of the small ball where it had been storing nutrients.,127 in stock,"['Cherry', 'Pokemon']","['Cherry', 'cherubi', 'Chlorophyll']"
Cherrim,£161.00,"If it senses strong sunlight, it opens its folded petals to absorb the sun’s rays with its whole body.",143 in stock,"['Blossom', 'Pokemon']","['Blossom', 'cherrim', 'Flower Gift']"
Shellos,£163.00,"Its shape and coloration vary, depending on its habitat.",149 in stock,"['Pokemon', 'Sea Slug']","['Sea Slug', 'shellos', 'Sticky Hold']"
Gastrodon,£148.00,It apparently had a huge shell for protection in ancient times. It lives in shallow tidal pools.,119 in stock,"['Pokemon', 'Sea Slug']","['gastrodon', 'Sea Slug', 'Sticky Hold']"
Ambipom,£36.00,"To eat, it deftly shucks nuts with its two tails. It rarely uses its arms now.",247 in stock,"['Long Tail', 'Pokemon']","['ambipom', 'Long Tail', 'Pickup']"
Drifloon,£70.00,These Pokémon are called the “Signpost for Wandering Spirits.” Children holding them sometimes vanish.,84 in stock,"['Balloon', 'Pokemon']","['Aftermath', 'Balloon', 'drifloon']"
Drifblim,£36.00,"It’s drowsy in daytime, but flies off in the evening in big groups. No one knows where they go.",233 in stock,"['Blimp', 'Pokemon']","['Aftermath', 'Blimp', 'drifblim']"
Buneary,£180.00,"When it senses danger, it perks up its ears. On cold nights, it sleeps with its head tucked into its fur.",204 in stock,"['Pokemon', 'Rabbit']","['buneary', 'Rabbit', 'Run Away']"
Lopunny,£123.00,"The ears appear to be delicate. If they are touched roughly, it kicks with its graceful legs.",85 in stock,"['Pokemon', 'Rabbit']","['Cute Charm', 'lopunny', 'Rabbit']"
Mismagius,£38.00,Its cries sound like incantations to torment the foe. It appears where you least expect it.,215 in stock,"['Magical', 'Pokemon']","['Levitate', 'Magical', 'mismagius']"
Honchkrow,£47.00,"Becoming active at night, it is known to swarm with numerous Murkrow in tow.",56 in stock,"['Big Boss', 'Pokemon']","['Big Boss', 'honchkrow', 'Insomnia']"
Glameow,£39.00,"When it’s happy, Glameow demonstrates beautiful movements of its tail, like a dancing ribbon.",96 in stock,"['Catty', 'Pokemon']","['Catty', 'glameow', 'Limber']"
Purugly,£128.00,"To make itself appear intimidatingly beefy, it tightly cinches its waist with its twin tails.",158 in stock,"['Pokemon', 'Tiger Cat']","['Own Tempo', 'purugly', 'Tiger Cat']"
Stunky,£106.00,It protects itself by spraying a noxious fluid from its rear. The stench lingers for 24 hours.,12 in stock,"['Pokemon', 'Skunk']","['Skunk', 'Stench', 'stunky']"
Skuntank,£112.00,It sprays a stinky fluid from its tail. The fluid smells worse the longer it is allowed to fester.,56 in stock,"['Pokemon', 'Skunk']","['Skunk', 'skuntank', 'Stench']"
Bronzong,£110.00,Ancient people believed that petitioning Bronzong for rain was the way to make crops grow.,191 in stock,"['Bronze Bell', 'Pokemon']","['Bronze Bell', 'bronzong', 'Levitate']"
Bonsly,£106.00,It prefers an arid atmosphere. It leaks water that looks like tears when adjusting its moisture level.,273 in stock,"['Bonsai', 'Pokemon']","['Bonsai', 'bonsly', 'Rock Head']"
Mime-jr,£170.00,"It habitually mimics foes. Once mimicked, the foe cannot take its eyes off this Pokémon.",188 in stock,"['Mime', 'Pokemon']","['Mime', 'mime-jr', 'Soundproof']"
Happiny,£67.00,"It carefully carries a round, white rock that it thinks is an egg. It’s bothered by how curly its hair looks.",270 in stock,"['Playhouse', 'Pokemon']","['happiny', 'Natural Cure', 'Playhouse']"
Chatot,£78.00,"It can learn and speak human words. If they gather, they all learn the same saying.",261 in stock,"['Music Note', 'Pokemon']","['chatot', 'Keen Eye', 'Music Note']"
Spiritomb,£165.00,It was bound to a fissure in an odd keystone as punishment for misdeeds 500 years ago.,51 in stock,"['Forbidden', 'Pokemon']","['Forbidden', 'Pressure', 'spiritomb']"
Gible,£194.00,"It nests in small, horizontal holes in cave walls. It pounces to catch prey that stray too close.",178 in stock,"['Land Shark', 'Pokemon']","['gible', 'Land Shark', 'Sand Veil']"
Gabite,£154.00,"As it digs to expand its nest, it habitually digs up gems that it then hoards in its nest.",128 in stock,"['Cave', 'Pokemon']","['Cave', 'gabite', 'Sand Veil']"
Garchomp,£62.00,It flies at speeds equal to a jet fighter plane. It never allows its prey to escape.,65 in stock,"['Mach', 'Pokemon']","['garchomp', 'Mach', 'Sand Veil']"
Munchlax,£190.00,It conceals food under the long fur on its body. It carts around this food stash and swallows it without chewing.,239 in stock,"['Big Eater', 'Pokemon']","['Big Eater', 'munchlax', 'Pickup']"
Riolu,£70.00,The aura that emanates from its body intensifies to alert others if it is afraid or sad.,86 in stock,"['Emanation', 'Pokemon']","['Emanation', 'Inner Focus', 'riolu']"
Lucario,£102.00,"By reading the auras of all things, it can tell how others are feeling from over half a mile away.",24 in stock,"['Aura', 'Pokemon']","['Aura', 'Inner Focus', 'lucario']"
Hippopotas,£189.00,It enshrouds itself with sand to protect itself from germs. It does not enjoy getting wet.,231 in stock,"['Hippo', 'Pokemon']","['Hippo', 'hippopotas', 'Sand Stream']"
Hippowdon,£140.00,It blasts internally stored sand from ports on its body to create a towering twister for attack.,273 in stock,"['Heavyweight', 'Pokemon']","['Heavyweight', 'hippowdon', 'Sand Stream']"
Skorupi,£51.00,It burrows under the sand to lie in wait for prey. Its tail claws can inject its prey with a savage poison.,42 in stock,"['Pokemon', 'Scorpion']","['Scorpion', 'skorupi', 'Sniper']"
Drapion,£72.00,It has the power in its clawed arms to make scrap of a car. The tips of its claws release poison.,273 in stock,"['Ogre Scorpion', 'Pokemon']","['drapion', 'Ogre Scorpion', 'Sniper']"
Croagunk,£145.00,"Inflating its poison sacs, it fills the area with an odd sound and hits flinching opponents with a poison jab.",207 in stock,"['Pokemon', 'Toxic Mouth']","['croagunk', 'Dry Skin', 'Toxic Mouth']"
Toxicroak,£145.00,Its knuckle claws secrete a toxin so vile that even a scratch could prove fatal.,108 in stock,"['Pokemon', 'Toxic Mouth']","['Dry Skin', 'Toxic Mouth', 'toxicroak']"
Carnivine,£60.00,It binds itself to trees in marshes. It attracts prey with its sweet-smelling drool and gulps them down.,245 in stock,"['Bug Catcher', 'Pokemon']","['Bug Catcher', 'carnivine', 'Levitate']"
Finneon,£172.00,"After long exposure to sunlight, the patterns on its tail fins shine vividly when darkness arrives.",66 in stock,"['Pokemon', 'Wing Fish']","['finneon', 'Swift Swim', 'Wing Fish']"
Lumineon,£72.00,"To avoid detection by predators, it crawls along the seafloor using the two fins on its chest.",76 in stock,"['Neon', 'Pokemon']","['lumineon', 'Neon', 'Swift Swim']"
Mantyke,£121.00,"When it swims close to the surface of the ocean, people aboard ships are able to observe the pattern on its back.",117 in stock,"['Kite', 'Pokemon']","['Kite', 'mantyke', 'Water Absorb']"
Snover,£104.00,"In the spring, it grows berries with the texture of frozen treats around its belly.",143 in stock,"['Frost Tree', 'Pokemon']","['Frost Tree', 'snover', 'Snow Warning']"
Abomasnow,£46.00,It lives a quiet life on mountains that are perpetually covered in snow. It hides itself by whipping up blizzards.,61 in stock,"['Frost Tree', 'Pokemon']","['abomasnow', 'Frost Tree', 'Snow Warning']"
Magnezone,£190.00,It evolved from exposure to a special magnetic field. Three units generate magnetism.,108 in stock,"['Magnet Area', 'Pokemon']","['Magnet Area', 'magnezone', 'Sturdy']"
Lickilicky,£101.00,Their saliva contains lots of components that can dissolve anything. The numbness caused by their lick does not dissipate.,125 in stock,"['Licking', 'Pokemon']","['lickilicky', 'Licking', 'Oblivious']"
Rhyperior,£79.00,It puts rocks in holes in its palms and uses its muscles to shoot them. Geodude are shot at rare times.,161 in stock,"['Drill', 'Pokemon']","['Drill', 'Lightning Rod', 'rhyperior']"
Tangrowth,£108.00,"Its vines grow so profusely that, in the warm season, you can’t even see its eyes.",136 in stock,"['Pokemon', 'Vine']","['Chlorophyll', 'tangrowth', 'Vine']"
Electivire,£61.00,"It pushes the tips of its two tails against the foe, then lets loose with over 20,000 volts of power.",155 in stock,"['Pokemon', 'Thunderbolt']","['electivire', 'Motor Drive', 'Thunderbolt']"
Magmortar,£200.00,"It blasts fireballs of over 3,600 degrees Fahrenheit out of its arms. Its breath also sears and sizzles.",149 in stock,"['Blast', 'Pokemon']","['Blast', 'Flame Body', 'magmortar']"
Togekiss,£158.00,It shares many blessings with people who respect one another’s rights and avoid needless strife.,208 in stock,"['Jubilee', 'Pokemon']","['Jubilee', 'Serene Grace', 'togekiss']"
Yanmega,£121.00,This six-legged Pokémon is easily capable of transporting an adult in flight. The wings on its tail help it stay balanced.,35 in stock,"['Ogre Darner', 'Pokemon']","['Ogre Darner', 'Tinted Lens', 'yanmega']"
Leafeon,£93.00,"Just like a plant, it uses photosynthesis. As a result, it is always enveloped in clear air.",295 in stock,"['Pokemon', 'Verdant']","['Leaf Guard', 'leafeon', 'Verdant']"
Glaceon,£142.00,It lowers its body heat to freeze its fur. The hairs then become like needles it can fire.,27 in stock,"['Fresh Snow', 'Pokemon']","['Fresh Snow', 'glaceon', 'Snow Cloak']"
Gliscor,£28.00,Its flight is soundless. It uses its lengthy tail to carry off its prey… Then its elongated fangs do the rest.,60 in stock,"['Fang Scorpion', 'Pokemon']","['Fang Scorpion', 'gliscor', 'Sand Veil']"
Mamoswine,£104.00,Its impressive tusks are made of ice. The population thinned when it turned warm after the ice age.,284 in stock,"['Pokemon', 'Twin Tusk']","['mamoswine', 'Oblivious', 'Twin Tusk']"
Gallade,£149.00,"A master of courtesy and swordsmanship, it fights using extending swords on its elbows.",271 in stock,"['Blade', 'Pokemon']","['Blade', 'gallade', 'Steadfast']"
Probopass,£181.00,It freely controls three small units called Mini-Noses using magnetic force.,141 in stock,"['Compass', 'Pokemon']","['Compass', 'probopass', 'Sturdy']"
Dusknoir,£158.00,The antenna on its head captures radio waves from the world of spirits that command it to take people there.,171 in stock,"['Gripper', 'Pokemon']","['dusknoir', 'Gripper', 'Pressure']"
Froslass,£86.00,Legends in snowy regions say that a woman who was lost on an icy mountain was reborn as Froslass.,67 in stock,"['Pokemon', 'Snow Land']","['froslass', 'Snow Cloak', 'Snow Land']"
Rotom,£42.00,Its body is composed of plasma. It is known to infiltrate electronic devices and wreak havoc.,208 in stock,"['Plasma', 'Pokemon']","['Levitate', 'Plasma', 'rotom']"
Uxie,£200.00,It is said that its emergence gave humans the intelligence to improve their quality of life.,138 in stock,"['Knowledge', 'Pokemon']","['Knowledge', 'Levitate', 'uxie']"
Mesprit,£25.00,It sleeps at the bottom of a lake. Its spirit is said to leave its body to fly on the lake’s surface.,152 in stock,"['Emotion', 'Pokemon']","['Emotion', 'Levitate', 'mesprit']"
Azelf,£32.00,"It is thought that Uxie, Mesprit, and Azelf all came from the same egg.",233 in stock,"['Pokemon', 'Willpower']","['azelf', 'Levitate', 'Willpower']"
Dialga,£179.00,It has the power to control time. It appears in Sinnoh-region myths as an ancient deity.,104 in stock,"['Pokemon', 'Temporal']","['dialga', 'Pressure', 'Temporal']"
Palkia,£151.00,It has the ability to distort space. It is described as a deity in Sinnoh-region mythology.,54 in stock,"['Pokemon', 'Spatial']","['palkia', 'Pressure', 'Spatial']"
Heatran,£142.00,"Boiling blood, like magma, circulates through its body. It makes its dwelling place in volcanic caves.",120 in stock,"['Lava Dome', 'Pokemon']","['Flash Fire', 'heatran', 'Lava Dome']"
Regigigas,£77.00,There is an enduring legend that states this Pokémon towed continents with ropes.,226 in stock,"['Colossal', 'Pokemon']","['Colossal', 'regigigas', 'Slow Start']"
Cresselia,£34.00,Those who sleep holding Cresselia’s feather are assured of joyful dreams. It is said to represent the crescent moon.,16 in stock,"['Lunar', 'Pokemon']","['cresselia', 'Levitate', 'Lunar']"
Phione,£155.00,"It drifts in warm seas. It always returns to where it was born, no matter how far it may have drifted.",245 in stock,"['Pokemon', 'Sea Drifter']","['Hydration', 'phione', 'Sea Drifter']"
Manaphy,£74.00,It starts its life with a wondrous power that permits it to bond with any kind of Pokémon.,186 in stock,"['Pokemon', 'Seafaring']","['Hydration', 'manaphy', 'Seafaring']"
Darkrai,£59.00,It can lull people to sleep and make them dream. It is active during nights of the new moon.,223 in stock,"['Pitch-Black', 'Pokemon']","['Bad Dreams', 'darkrai', 'Pitch-Black']"
Arceus,£53.00,It is told in mythology that this Pokémon was born before the universe even existed.,72 in stock,"['Alpha', 'Pokemon']","['Alpha', 'arceus', 'Multitype']"
Victini,£109.00,"When it shares the infinite energy it creates, that being’s entire body will be overflowing with power.",174 in stock,"['Pokemon', 'Victory']","['victini', 'Victory', 'Victory Star']"
Snivy,£102.00,"They photosynthesize by bathing their tails in sunlight. When they are not feeling well, their tails droop.",47 in stock,"['Grass Snake', 'Pokemon']","['Grass Snake', 'Overgrow', 'snivy']"
Servine,£154.00,"When it gets dirty, its leaves can’t be used in photosynthesis, so it always keeps itself clean.",82 in stock,"['Grass Snake', 'Pokemon']","['Grass Snake', 'Overgrow', 'servine']"
Serperior,£88.00,It can stop its opponents’ movements with just a glare. It takes in solar energy and boosts it internally.,164 in stock,"['Pokemon', 'Regal']","['Overgrow', 'Regal', 'serperior']"
Tepig,£195.00,"It loves to eat roasted berries, but sometimes it gets too excited and burns them to a crisp.",66 in stock,"['Fire Pig', 'Pokemon']","['Blaze', 'Fire Pig', 'tepig']"
Pignite,£149.00,"When its internal fire flares up, its movements grow sharper and faster. When in trouble, it emits smoke.",151 in stock,"['Fire Pig', 'Pokemon']","['Blaze', 'Fire Pig', 'pignite']"
Emboar,£32.00,It has mastered fast and powerful fighting moves. It grows a beard of fire.,258 in stock,"['Mega Fire Pig', 'Pokemon']","['Blaze', 'emboar', 'Mega Fire Pig']"
Oshawott,£194.00,"It fights using the scalchop on its stomach. In response to an attack, it retaliates immediately by slashing.",157 in stock,"['Pokemon', 'Sea Otter']","['oshawott', 'Sea Otter', 'Torrent']"
Dewott,£57.00,"As a result of strict training, each Dewott learns different forms for using the scalchops.",141 in stock,"['Discipline', 'Pokemon']","['dewott', 'Discipline', 'Torrent']"
Samurott,£106.00,One swing of the sword incorporated in its armor can fell an opponent. A simple glare from one of them quiets everybody.,279 in stock,"['Formidable', 'Pokemon']","['Formidable', 'samurott', 'Torrent']"
Patrat,£116.00,"Extremely cautious, one of them will always be on the lookout, but it won’t notice a foe coming from behind.",294 in stock,"['Pokemon', 'Scout']","['Keen Eye', 'patrat', 'Scout']"
Watchog,£141.00,"When they see an enemy, their tails stand high, and they spit the seeds of berries stored in their cheek pouches.",294 in stock,"['Lookout', 'Pokemon']","['Keen Eye', 'Lookout', 'watchog']"
Lillipup,£28.00,"Though it is a very brave Pokémon, it’s also smart enough to check its foe’s strength and avoid battle.",29 in stock,"['Pokemon', 'Puppy']","['lillipup', 'Pickup', 'Puppy']"
Herdier,£164.00,"It has black, cape-like fur that is very hard and decreases the amount of damage it receives.",227 in stock,"['Loyal Dog', 'Pokemon']","['herdier', 'Intimidate', 'Loyal Dog']"
Stoutland,£37.00,Being wrapped in its long fur is so comfortable that a person would be fine even overnight on a wintry mountain.,80 in stock,"['Big-Hearted', 'Pokemon']","['Big-Hearted', 'Intimidate', 'stoutland']"
Purrloin,£167.00,"They steal from people for fun, but their victims can’t help but forgive them. Their deceptively cute act is perfect.",270 in stock,"['Devious', 'Pokemon']","['Devious', 'Limber', 'purrloin']"
Liepard,£104.00,"Stealthily, it sneaks up on its target, striking from behind before its victim has a chance to react.",32 in stock,"['Cruel', 'Pokemon']","['Cruel', 'liepard', 'Limber']"
Pansage,£197.00,It’s good at finding berries and gathers them from all over. It’s kind enough to share them with friends.,195 in stock,"['Grass Monkey', 'Pokemon']","['Gluttony', 'Grass Monkey', 'pansage']"
Simisage,£98.00,"Ill tempered, it fights by swinging its barbed tail around wildly. The leaf growing on its head is very bitter.",286 in stock,"['Pokemon', 'Thorn Monkey']","['Gluttony', 'simisage', 'Thorn Monkey']"
Pansear,£194.00,This Pokémon lives in caves in volcanoes. The fire within the tuft on its head can reach 600 degrees Fahrenheit.,247 in stock,"['High Temp', 'Pokemon']","['Gluttony', 'High Temp', 'pansear']"
Simisear,£38.00,"When it gets excited, embers rise from its head and tail and it gets hot. For some reason, it loves sweets.",140 in stock,"['Ember', 'Pokemon']","['Ember', 'Gluttony', 'simisear']"
Panpour,£52.00,The water stored inside the tuft on its head is full of nutrients. Plants that receive its water grow large.,271 in stock,"['Pokemon', 'Spray']","['Gluttony', 'panpour', 'Spray']"
Simipour,£61.00,"It prefers places with clean water. When its tuft runs low, it replenishes it by siphoning up water with its tail.",101 in stock,"['Geyser', 'Pokemon']","['Geyser', 'Gluttony', 'simipour']"
Munna,£172.00,"It eats the dreams of people and Pokémon. When it eats a pleasant dream, it expels pink-colored mist.",278 in stock,"['Dream Eater', 'Pokemon']","['Dream Eater', 'munna', 'Synchronize']"
Musharna,£58.00,The dream mist coming from its forehead changes into many different colors depending on the dream that was eaten.,98 in stock,"['Drowsing', 'Pokemon']","['Drowsing', 'musharna', 'Synchronize']"
Pidove,£172.00,These Pokémon live in cities. They are accustomed to people. Flocks often gather in parks and plazas.,290 in stock,"['Pokemon', 'Tiny Pigeon']","['pidove', 'Super Luck', 'Tiny Pigeon']"
Tranquill,£199.00,"No matter where in the world it goes, it knows where its nest is, so it never gets separated from its Trainer.",295 in stock,"['Pokemon', 'Wild Pigeon']","['Super Luck', 'tranquill', 'Wild Pigeon']"
Unfezant,£135.00,Males have plumage on their heads. They will never let themselves feel close to anyone other than their Trainers.,51 in stock,"['Pokemon', 'Proud']","['Proud', 'Super Luck', 'unfezant']"
Zebstrika,£138.00,"They have lightning-like movements. When Zebstrika run at full speed, the sound of thunder reverberates.",137 in stock,"['Pokemon', 'Thunderbolt']","['Lightning Rod', 'Thunderbolt', 'zebstrika']"
Roggenrola,£41.00,They were discovered a hundred years ago in an earthquake fissure. Inside each one is an energy core.,96 in stock,"['Mantle', 'Pokemon']","['Mantle', 'roggenrola', 'Sturdy']"
Boldore,£76.00,"When it is healthy, its core sticks out. Always facing the same way, it swiftly moves front to back and left to right.",278 in stock,"['Ore', 'Pokemon']","['boldore', 'Ore', 'Sturdy']"
Gigalith,£67.00,Compressing the energy from its internal core lets it fire off an attack capable of blowing away a mountain.,18 in stock,"['Compressed', 'Pokemon']","['Compressed', 'gigalith', 'Sturdy']"
Woobat,£27.00,The heart-shaped mark left on a body after a Woobat has been attached to it is said to bring good fortune.,289 in stock,"['Bat', 'Pokemon']","['Bat', 'Unaware', 'woobat']"
Swoobat,£49.00,Anyone who comes into contact with the ultrasonic waves emitted by a courting male experiences a positive mood shift.,109 in stock,"['Courting', 'Pokemon']","['Courting', 'swoobat', 'Unaware']"
Drilbur,£132.00,"By spinning its body, it can dig straight through the ground at a speed of 30 mph.",171 in stock,"['Mole', 'Pokemon']","['drilbur', 'Mole', 'Sand Rush']"
Excadrill,£36.00,"More than 300 feet below the surface, they build mazelike nests. Their activity can be destructive to subway tunnels.",49 in stock,"['Pokemon', 'Subterrene']","['excadrill', 'Sand Rush', 'Subterrene']"
Audino,£95.00,"It touches others with the feelers on its ears, using the sound of their heartbeats to tell how they are feeling.",109 in stock,"['Hearing', 'Pokemon']","['audino', 'Healer', 'Hearing']"
Timburr,£194.00,"Always carrying squared logs, they help out with construction. As they grow, they carry bigger logs.",150 in stock,"['Muscular', 'Pokemon']","['Guts', 'Muscular', 'timburr']"
Gurdurr,£179.00,This Pokémon is so muscular and strongly built that even a group of wrestlers could not make it budge an inch.,105 in stock,"['Muscular', 'Pokemon']","['gurdurr', 'Guts', 'Muscular']"
Conkeldurr,£72.00,"Rather than rely on force, they master moves that utilize the centrifugal force of spinning concrete.",251 in stock,"['Muscular', 'Pokemon']","['conkeldurr', 'Guts', 'Muscular']"
Palpitoad,£117.00,"It lives in the water and on land. It uses its long, sticky tongue to immobilize its opponents.",36 in stock,"['Pokemon', 'Vibration']","['Hydration', 'palpitoad', 'Vibration']"
Seismitoad,£90.00,They shoot paralyzing liquid from their head bumps. They use vibration to hurt their opponents.,252 in stock,"['Pokemon', 'Vibration']","['seismitoad', 'Swift Swim', 'Vibration']"
Throh,£43.00,"When it encounters a foe bigger than itself, it wants to throw it. It changes belts as it gets stronger.",195 in stock,"['Judo', 'Pokemon']","['Guts', 'Judo', 'throh']"
Sawk,£129.00,Tying their belts gets them pumped and makes their punches more destructive. Disturbing their training angers them.,95 in stock,"['Karate', 'Pokemon']","['Inner Focus', 'Karate', 'sawk']"
Sewaddle,£40.00,"Since this Pokémon makes its own clothes out of leaves, it is a popular mascot for fashion designers.",137 in stock,"['Pokemon', 'Sewing']","['sewaddle', 'Sewing', 'Swarm']"
Swadloon,£107.00,"It protects itself from the cold by wrapping up in leaves. It stays on the move, eating leaves in forests.",176 in stock,"['Leaf-Wrapped', 'Pokemon']","['Chlorophyll', 'Leaf-Wrapped', 'swadloon']"
Leavanny,£130.00,It keeps its eggs warm with heat from fermenting leaves. It also uses leaves to make warm wrappings for Sewaddle.,203 in stock,"['Nurturing', 'Pokemon']","['leavanny', 'Nurturing', 'Swarm']"
Venipede,£87.00,"Its bite injects a potent poison, enough to paralyze large bird Pokémon that try to prey on it.",243 in stock,"['Centipede', 'Pokemon']","['Centipede', 'Swarm', 'venipede']"
Whirlipede,£84.00,"It is usually motionless, but when attacked, it rotates at high speed and then crashes into its opponent.",170 in stock,"['Curlipede', 'Pokemon']","['Curlipede', 'Swarm', 'whirlipede']"
Scolipede,£153.00,"With quick movements, it chases down its foes, attacking relentlessly with its horns until it prevails.",28 in stock,"['Megapede', 'Pokemon']","['Megapede', 'scolipede', 'Swarm']"
Cottonee,£77.00,"Perhaps because they feel more at ease in a group, they stick to others they find. They end up looking like a cloud.",139 in stock,"['Cotton Puff', 'Pokemon']","['Cotton Puff', 'cottonee', 'Prankster']"
Whimsicott,£26.00,"Like the wind, it can slip through any gap, no matter how small. It leaves balls of white fluff behind.",30 in stock,"['Pokemon', 'Windveiled']","['Prankster', 'whimsicott', 'Windveiled']"
Petilil,£118.00,"Since they prefer moist, nutrient-rich soil, the areas where Petilil live are known to be good for growing plants.",109 in stock,"['Bulb', 'Pokemon']","['Bulb', 'Chlorophyll', 'petilil']"
Lilligant,£137.00,Even veteran Trainers face a challenge in getting its beautiful flower to bloom. This Pokémon is popular with celebrities.,209 in stock,"['Flowering', 'Pokemon']","['Chlorophyll', 'Flowering', 'lilligant']"
Sandile,£136.00,They live buried in the sands of the desert. The sun-warmed sands prevent their body temperature from dropping.,235 in stock,"['Desert Croc', 'Pokemon']","['Desert Croc', 'Intimidate', 'sandile']"
Krokorok,£135.00,"The special membrane covering its eyes can sense the heat of objects, so it can see its surroundings even in darkness.",168 in stock,"['Desert Croc', 'Pokemon']","['Desert Croc', 'Intimidate', 'krokorok']"
Krookodile,£185.00,"They never allow prey to escape. Their jaws are so powerful, they can crush the body of an automobile.",188 in stock,"['Intimidation', 'Pokemon']","['Intimidate', 'Intimidation', 'krookodile']"
Darumaka,£106.00,"When it sleeps, it pulls its limbs into its body and its internal fire goes down to 1,100 degrees Fahrenheit.",96 in stock,"['Pokemon', 'Zen Charm']","['darumaka', 'Hustle', 'Zen Charm']"
Maractus,£31.00,"Arid regions are their habitat. They move rhythmically, making a sound similar to maracas.",120 in stock,"['Cactus', 'Pokemon']","['Cactus', 'Chlorophyll', 'maractus']"
Dwebble,£75.00,"When it finds a stone of a suitable size, it secretes a liquid from its mouth to open up a hole to crawl into.",47 in stock,"['Pokemon', 'Rock Inn']","['dwebble', 'Rock Inn', 'Sturdy']"
Crustle,£105.00,"Competing for territory, Crustle fight viciously. The one whose boulder is broken is the loser of the battle.",293 in stock,"['Pokemon', 'Stone Home']","['crustle', 'Stone Home', 'Sturdy']"
Scraggy,£112.00,"Proud of its sturdy skull, it suddenly headbutts everything, but its weight makes it unstable, too.",95 in stock,"['Pokemon', 'Shedding']","['scraggy', 'Shed Skin', 'Shedding']"
Scrafty,£137.00,It can smash concrete blocks with its kicking attacks. The one with the biggest crest is the group leader.,152 in stock,"['Hoodlum', 'Pokemon']","['Hoodlum', 'scrafty', 'Shed Skin']"
Sigilyph,£68.00,"The guardians of an ancient city, they always fly the same route while keeping watch for invaders.",181 in stock,"['Avianoid', 'Pokemon']","['Avianoid', 'Magic Guard', 'sigilyph']"
Yamask,£171.00,Each of them carries a mask that used to be its face when it was human. Sometimes they look at it and cry.,168 in stock,"['Pokemon', 'Spirit']","['Mummy', 'Spirit', 'yamask']"
Cofagrigus,£160.00,Grave robbers who mistake them for real coffins and get too close end up trapped inside their bodies.,195 in stock,"['Coffin', 'Pokemon']","['cofagrigus', 'Coffin', 'Mummy']"
Tirtouga,£60.00,"Restored from a fossil, this Pokémon can dive to depths beyond half a mile.",98 in stock,"['Pokemon', 'Prototurtle']","['Prototurtle', 'Sturdy', 'tirtouga']"
Carracosta,£158.00,"It could knock out a foe with a slap from one of its developed front appendages and chew it up, shell or bones and all.",11 in stock,"['Pokemon', 'Prototurtle']","['carracosta', 'Prototurtle', 'Sturdy']"
Archen,£140.00,"Said to be an ancestor of bird Pokémon, they were unable to fly and moved about by hopping from one branch to another.",267 in stock,"['First Bird', 'Pokemon']","['archen', 'Defeatist', 'First Bird']"
Archeops,£126.00,It runs better than it flies. It takes off into the sky by running at a speed of 25 mph.,181 in stock,"['First Bird', 'Pokemon']","['archeops', 'Defeatist', 'First Bird']"
Trubbish,£169.00,Inhaling the gas they belch will make you sleep for a week. They prefer unsanitary places.,229 in stock,"['Pokemon', 'Trash Bag']","['Stench', 'Trash Bag', 'trubbish']"
Garbodor,£178.00,Consuming garbage makes new kinds of poison gases and liquids inside their bodies.,73 in stock,"['Pokemon', 'Trash Heap']","['garbodor', 'Stench', 'Trash Heap']"
Zorua,£81.00,"To protect themselves from danger, they hide their true identities by transforming into people and Pokémon.",245 in stock,"['Pokemon', 'Tricky Fox']","['Illusion', 'Tricky Fox', 'zorua']"
Minccino,£79.00,"These Pokémon prefer a tidy habitat. They are always sweeping and dusting, using their tails as brooms.",213 in stock,"['Chinchilla', 'Pokemon']","['Chinchilla', 'Cute Charm', 'minccino']"
Cinccino,£154.00,"Cinccino’s body is coated in a special oil that helps it deflect attacks, such as punches.",159 in stock,"['Pokemon', 'Scarf']","['cinccino', 'Cute Charm', 'Scarf']"
Gothita,£68.00,"They intently observe both Trainers and Pokémon. Apparently, they are looking at something that only Gothita can see.",185 in stock,"['Fixation', 'Pokemon']","['Fixation', 'Frisk', 'gothita']"
Gothorita,£189.00,"According to many old tales, it creates friends for itself by controlling sleeping children on starry nights.",148 in stock,"['Manipulate', 'Pokemon']","['Frisk', 'gothorita', 'Manipulate']"
Gothitelle,£164.00,They can predict the future from the placement and movement of the stars. They can see Trainers’ life spans.,52 in stock,"['Astral Body', 'Pokemon']","['Astral Body', 'Frisk', 'gothitelle']"
Solosis,£134.00,They drive away attackers by unleashing psychic power. They can use telepathy to talk with others.,226 in stock,"['Cell', 'Pokemon']","['Cell', 'Magic Guard', 'solosis']"
Duosion,£71.00,"When their two divided brains think the same thoughts, their psychic power is maximized.",183 in stock,"['Mitosis', 'Pokemon']","['duosion', 'Magic Guard', 'Mitosis']"
Reuniclus,£168.00,"When Reuniclus shake hands, a network forms between their brains, increasing their psychic power.",193 in stock,"['Multiplying', 'Pokemon']","['Magic Guard', 'Multiplying', 'reuniclus']"
Ducklett,£159.00,"They are better at swimming than flying, and they happily eat their favorite food, peat moss, as they dive underwater.",275 in stock,"['Pokemon', 'Water Bird']","['ducklett', 'Keen Eye', 'Water Bird']"
Swanna,£36.00,Swanna start to dance at dusk. The one dancing in the middle is the leader of the flock.,238 in stock,"['Pokemon', 'White Bird']","['Keen Eye', 'swanna', 'White Bird']"
Vanillite,£108.00,This Pokémon formed from icicles bathed in energy from the morning sun. It sleeps buried in snow.,284 in stock,"['Fresh Snow', 'Pokemon']","['Fresh Snow', 'Ice Body', 'vanillite']"
Vanillish,£93.00,"Snowy mountains are this Pokémon’s habitat. During an ancient ice age, they moved to southern areas.",218 in stock,"['Icy Snow', 'Pokemon']","['Ice Body', 'Icy Snow', 'vanillish']"
Vanilluxe,£89.00,"Swallowing large amounts of water, they make snow clouds inside their bodies and, when angry, cause violent blizzards.",30 in stock,"['Pokemon', 'Snowstorm']","['Ice Body', 'Snowstorm', 'vanilluxe']"
Deerling,£141.00,The turning of the seasons changes the color and scent of this Pokémon’s fur. People use it to mark the seasons.,159 in stock,"['Pokemon', 'Season']","['Chlorophyll', 'deerling', 'Season']"
Sawsbuck,£76.00,"They migrate according to the seasons, so some people call Sawsbuck the harbingers of spring.",299 in stock,"['Pokemon', 'Season']","['Chlorophyll', 'sawsbuck', 'Season']"
Karrablast,£41.00,For some reason they evolve when they receive electrical energy while they are attacking Shelmet.,296 in stock,"['Clamping', 'Pokemon']","['Clamping', 'karrablast', 'Shed Skin']"
Escavalier,£189.00,These Pokémon evolve by wearing the shell covering of a Shelmet. The steel armor protects their whole body.,281 in stock,"['Cavalry', 'Pokemon']","['Cavalry', 'escavalier', 'Swarm']"
Foongus,£129.00,"It lures Pokémon with its pattern that looks just like a Poké Ball, then releases poison spores.",225 in stock,"['Mushroom', 'Pokemon']","['Effect Spore', 'foongus', 'Mushroom']"
Frillish,£63.00,"If its veil-like arms stun and wrap a foe, that foe will be dragged miles below the surface, never to return.",32 in stock,"['Floating', 'Pokemon']","['Floating', 'frillish', 'Water Absorb']"
Jellicent,£114.00,"The fate of the ships and crew that wander into Jellicent’s habitat: all sunken, all lost, all vanished.",216 in stock,"['Floating', 'Pokemon']","['Floating', 'jellicent', 'Water Absorb']"
Alomomola,£35.00,It gently holds injured and weak Pokémon in its fins. Its special membrane heals their wounds.,296 in stock,"['Caring', 'Pokemon']","['alomomola', 'Caring', 'Hydration']"
Joltik,£59.00,"They attach themselves to large-bodied Pokémon and absorb static electricity, which they store in an electric pouch.",137 in stock,"['Attaching', 'Pokemon']","['Attaching', 'Compound Eyes', 'joltik']"
Galvantula,£57.00,"When attacked, they create an electric barrier by spitting out many electrically charged threads.",61 in stock,"['EleSpider', 'Pokemon']","['Compound Eyes', 'EleSpider', 'galvantula']"
Ferroseed,£81.00,It absorbs the iron it finds in the rock while clinging to the ceiling. It shoots spikes when in danger.,149 in stock,"['Pokemon', 'Thorn Seed']","['ferroseed', 'Iron Barbs', 'Thorn Seed']"
Ferrothorn,£182.00,"They attach themselves to cave ceilings, firing steel spikes at targets passing beneath them.",74 in stock,"['Pokemon', 'Thorn Pod']","['ferrothorn', 'Iron Barbs', 'Thorn Pod']"
Klink,£75.00,The two minigears that mesh together are predetermined. Each will rebound from other minigears without meshing.,84 in stock,"['Gear', 'Pokemon']","['Gear', 'klink', 'Plus']"
Klang,£162.00,"A minigear and big gear comprise its body. If the minigear it launches at a foe doesn’t return, it will die.",114 in stock,"['Gear', 'Pokemon']","['Gear', 'klang', 'Plus']"
Klinklang,£178.00,Its red core functions as an energy tank. It fires the charged energy through its spikes into an area.,87 in stock,"['Gear', 'Pokemon']","['Gear', 'klinklang', 'Plus']"
Tynamo,£82.00,"One alone can emit only a trickle of electricity, so a group of them gathers to unleash a powerful electric shock.",46 in stock,"['EleFish', 'Pokemon']","['EleFish', 'Levitate', 'tynamo']"
Eelektrik,£198.00,"These Pokémon have a big appetite. When they spot their prey, they attack it and paralyze it with electricity.",150 in stock,"['EleFish', 'Pokemon']","['eelektrik', 'EleFish', 'Levitate']"
Eelektross,£123.00,They crawl out of the ocean using their arms. They will attack prey on shore and immediately drag it into the ocean.,111 in stock,"['EleFish', 'Pokemon']","['eelektross', 'EleFish', 'Levitate']"
Elgyem,£107.00,Rumors of its origin are linked to a UFO crash site in the desert 50 years ago.,111 in stock,"['Cerebral', 'Pokemon']","['Cerebral', 'elgyem', 'Synchronize']"
Beheeyem,£34.00,It uses psychic power to control an opponent’s brain and tamper with its memories.,68 in stock,"['Cerebral', 'Pokemon']","['beheeyem', 'Cerebral', 'Synchronize']"
Litwick,£37.00,"Litwick shines a light that absorbs the life energy of people and Pokémon, which becomes the fuel that it burns.",76 in stock,"['Candle', 'Pokemon']","['Candle', 'Flash Fire', 'litwick']"
Lampent,£157.00,It arrives near the moment of death and steals spirit from the body.,48 in stock,"['Lamp', 'Pokemon']","['Flash Fire', 'Lamp', 'lampent']"
Axew,£123.00,"They mark their territory by leaving gashes in trees with their tusks. If a tusk breaks, a new one grows in quickly.",142 in stock,"['Pokemon', 'Tusk']","['axew', 'Rivalry', 'Tusk']"
Fraxure,£64.00,"A broken tusk will not grow back, so it diligently sharpens its tusks on river rocks after the end of a battle.",234 in stock,"['Axe Jaw', 'Pokemon']","['Axe Jaw', 'fraxure', 'Rivalry']"
Haxorus,£135.00,Their sturdy tusks will stay sharp even if used to cut steel beams. These Pokémon are covered in hard armor.,239 in stock,"['Axe Jaw', 'Pokemon']","['Axe Jaw', 'haxorus', 'Rivalry']"
Cubchoo,£62.00,"Their snot is a barometer of health. When healthy, their snot is sticky and the power of their ice moves increases.",45 in stock,"['Chill', 'Pokemon']","['Chill', 'cubchoo', 'Snow Cloak']"
Beartic,£28.00,It freezes its breath to create fangs and claws of ice to fight with. Cold northern areas are its habitat.,272 in stock,"['Freezing', 'Pokemon']","['beartic', 'Freezing', 'Snow Cloak']"
Cryogonal,£72.00,"They are composed of ice crystals. They capture prey with chains of ice, freezing the prey at -148 degrees Fahrenheit.",203 in stock,"['Crystallizing', 'Pokemon']","['cryogonal', 'Crystallizing', 'Levitate']"
Shelmet,£190.00,It evolves when bathed in an electric-like energy along with Karrablast. The reason is still unknown.,131 in stock,"['Pokemon', 'Snail']","['Hydration', 'shelmet', 'Snail']"
Accelgor,£129.00,"When its body dries out, it weakens. So, to prevent dehydration, it wraps itself in many layers of thin membrane.",124 in stock,"['Pokemon', 'Shell Out']","['accelgor', 'Hydration', 'Shell Out']"
Stunfisk,£67.00,"It conceals itself in the mud of the seashore. Then it waits. When prey touch it, it delivers a jolt of electricity.",288 in stock,"['Pokemon', 'Trap']","['Static', 'stunfisk', 'Trap']"
Mienfoo,£197.00,"In fights, they dominate with onslaughts of flowing, continuous attacks. With their sharp claws, they cut enemies.",82 in stock,"['Martial Arts', 'Pokemon']","['Inner Focus', 'Martial Arts', 'mienfoo']"
Mienshao,£50.00,"Using the long fur on its arms like whips, it launches into combo attacks that, once started, no one can stop.",253 in stock,"['Martial Arts', 'Pokemon']","['Inner Focus', 'Martial Arts', 'mienshao']"
Druddigon,£110.00,"It warms its body by absorbing sunlight with its wings. When its body temperature falls, it can no longer move.",266 in stock,"['Cave', 'Pokemon']","['Cave', 'druddigon', 'Rough Skin']"
Golett,£89.00,Ancient science fashioned this Pokémon from clay. It’s been active for thousands of years.,274 in stock,"['Automaton', 'Pokemon']","['Automaton', 'golett', 'Iron Fist']"
Golurk,£74.00,It flies across the sky at Mach speeds. Removing the seal on its chest makes its internal energy go out of control.,133 in stock,"['Automaton', 'Pokemon']","['Automaton', 'golurk', 'Iron Fist']"
Pawniard,£37.00,"Ignoring their injuries, groups attack by sinking the blades that cover their bodies into their prey.",58 in stock,"['Pokemon', 'Sharp Blade']","['Inner Focus', 'pawniard', 'Sharp Blade']"
Bisharp,£129.00,Bisharp pursues prey in the company of a large group of Pawniard. Then Bisharp finishes off the prey.,255 in stock,"['Pokemon', 'Sword Blade']","['bisharp', 'Inner Focus', 'Sword Blade']"
Bouffalant,£59.00,"Their fluffy fur absorbs damage, even if they strike foes with a fierce headbutt.",201 in stock,"['Bash Buffalo', 'Pokemon']","['Bash Buffalo', 'bouffalant', 'Reckless']"
Rufflet,£60.00,"They will challenge anything, even strong opponents, without fear. Their frequent fights help them become stronger.",194 in stock,"['Eaglet', 'Pokemon']","['Eaglet', 'Keen Eye', 'rufflet']"
Braviary,£83.00,They fight for their friends without any thought about danger to themselves. One can carry a car while flying.,262 in stock,"['Pokemon', 'Valiant']","['braviary', 'Keen Eye', 'Valiant']"
Vullaby,£61.00,Their wings are too tiny to allow them to fly. They guard their posteriors with bones that were gathered by Mandibuzz.,16 in stock,"['Diapered', 'Pokemon']","['Big Pecks', 'Diapered', 'vullaby']"
Mandibuzz,£89.00,"Watching from the sky, they swoop to strike weakened Pokémon on the ground. They decorate themselves with bones.",296 in stock,"['Bone Vulture', 'Pokemon']","['Big Pecks', 'Bone Vulture', 'mandibuzz']"
Heatmor,£81.00,"It draws in air through its tail, transforms it into fire, and uses it like a tongue. It melts Durant and eats them.",299 in stock,"['Anteater', 'Pokemon']","['Anteater', 'Flash Fire', 'heatmor']"
Durant,£28.00,"They attack in groups, covering themselves in steel armor to protect themselves from Heatmor.",272 in stock,"['Iron Ant', 'Pokemon']","['durant', 'Iron Ant', 'Swarm']"
Deino,£63.00,"Lacking sight, it’s unaware of its surroundings, so it bumps into things and eats anything that moves.",40 in stock,"['Irate', 'Pokemon']","['deino', 'Hustle', 'Irate']"
Zweilous,£199.00,"After it has eaten up all the food in its territory, it moves to another area. Its two heads do not get along.",69 in stock,"['Hostile', 'Pokemon']","['Hostile', 'Hustle', 'zweilous']"
Hydreigon,£86.00,"It responds to movement by attacking. This scary, three-headed Pokémon devours everything in its path!",299 in stock,"['Brutal', 'Pokemon']","['Brutal', 'hydreigon', 'Levitate']"
Volcarona,£94.00,"When volcanic ash darkened the atmosphere, it is said that Volcarona’s fire provided a replacement for the sun.",57 in stock,"['Pokemon', 'Sun']","['Flame Body', 'sun', 'volcarona']"
Cobalion,£111.00,It has a body and heart of steel. It worked with its allies to punish people when they hurt Pokémon.,94 in stock,"['Iron Will', 'Pokemon']","['cobalion', 'Iron Will', 'Justified']"
Terrakion,£87.00,"Spoken of in legend, this Pokémon used its phenomenal power to destroy a castle in its effort to protect Pokémon.",136 in stock,"['Cavern', 'Pokemon']","['Cavern', 'Justified', 'terrakion']"
Virizion,£156.00,Legends say this Pokémon confounded opponents with its swift movements.,161 in stock,"['Grassland', 'Pokemon']","['Grassland', 'Justified', 'virizion']"
Reshiram,£147.00,"When Reshiram’s tail flares, the heat energy moves the atmosphere and changes the world’s weather.",235 in stock,"['Pokemon', 'Vast White']","['reshiram', 'Turboblaze', 'Vast White']"
Zekrom,£135.00,"Concealing itself in lightning clouds, it flies throughout the Unova region. It creates electricity in its tail.",253 in stock,"['Deep Black', 'Pokemon']","['Deep Black', 'Teravolt', 'zekrom']"
Genesect,£173.00,This Pokémon existed 300 million years ago. Team Plasma altered it and attached a cannon to its back.,30 in stock,"['Paleozoic', 'Pokemon']","['Download', 'genesect', 'Paleozoic']"
Chespin,£185.00,Such a thick shell of wood covers its head and back that even a direct hit from a truck wouldn’t faze it.,267 in stock,"['Pokemon', 'Spiny Nut']","['chespin', 'Overgrow', 'Spiny Nut']"
Quilladin,£161.00,They strengthen their lower bodies by running into one another. They are very kind and won’t start fights.,61 in stock,"['Pokemon', 'Spiny Armor']","['Overgrow', 'quilladin', 'Spiny Armor']"
Chesnaught,£96.00,"When it takes a defensive posture with its fists guarding its face, it could withstand a bomb blast.",145 in stock,"['Pokemon', 'Spiny Armor']","['chesnaught', 'Overgrow', 'Spiny Armor']"
Fennekin,£123.00,"As it walks, it munches on a twig in place of a snack. It intimidates opponents by puffing hot air out of its ears.",183 in stock,"['Fox', 'Pokemon']","['Blaze', 'fennekin', 'Fox']"
Braixen,£59.00,"When the twig is plucked from its tail, friction sets the twig alight. The flame is used to send signals to its allies.",71 in stock,"['Fox', 'Pokemon']","['Blaze', 'braixen', 'Fox']"
Delphox,£170.00,"Using psychic power, it generates a fiery vortex of 5,400 degrees Fahrenheit, incinerating foes swept into this whirl of flame.",146 in stock,"['Fox', 'Pokemon']","['Blaze', 'delphox', 'Fox']"
Froakie,£38.00,"It protects its skin by covering its body in delicate bubbles. Beneath its happy-go-lucky air, it keeps a watchful eye on its surroundings.",143 in stock,"['Bubble Frog', 'Pokemon']","['Bubble Frog', 'froakie', 'Torrent']"
Frogadier,£125.00,"Its swiftness is unparalleled. It can scale a tower of more than 2,000 feet in a minute’s time.",58 in stock,"['Bubble Frog', 'Pokemon']","['Bubble Frog', 'frogadier', 'Torrent']"
Greninja,£42.00,"It appears and vanishes with a ninja’s grace. It toys with its enemies using swift movements, while slicing them with throwing stars of sharpest water.",213 in stock,"['Ninja', 'Pokemon']","['greninja', 'Ninja', 'Torrent']"
Bunnelby,£66.00,It has ears like shovels. Digging holes strengthens its ears so much that they can sever thick roots effortlessly.,194 in stock,"['Digging', 'Pokemon']","['bunnelby', 'Digging', 'Pickup']"
Fletchling,£43.00,"Despite the beauty of its lilting voice, it’s merciless to intruders that enter its territory.",127 in stock,"['Pokemon', 'Tiny Robin']","['Big Pecks', 'fletchling', 'Tiny Robin']"
Fletchinder,£147.00,"The hotter the flame sac on its belly, the faster it can fly, but it takes some time to get the fire going.",36 in stock,"['Ember', 'Pokemon']","['Ember', 'Flame Body', 'fletchinder']"
Talonflame,£84.00,"When attacking prey, it can reach speeds of up to 310 mph. It finishes its prey off with a colossal kick.",205 in stock,"['Pokemon', 'Scorching']","['Flame Body', 'Scorching', 'talonflame']"
Scatterbug,£40.00,"The powder that covers its body regulates its temperature, so it can live in any region or climate.",50 in stock,"['Pokemon', 'Scatterdust']","['scatterbug', 'Scatterdust', 'Shield Dust']"
Spewpa,£155.00,"The beaks of bird Pokémon can’t begin to scratch its stalwart body. To defend itself, it spews powder.",168 in stock,"['Pokemon', 'Scatterdust']","['Scatterdust', 'Shed Skin', 'spewpa']"
Vivillon,£177.00,The patterns on this Pokémon’s wings depend on the climate and topography of its habitat. It scatters colorful scales.,208 in stock,"['Pokemon', 'Scale']","['Scale', 'Shield Dust', 'vivillon']"
Litleo,£34.00,They set off on their own from their pride and live by themselves to become stronger. These hot-blooded Pokémon are quick to fight.,288 in stock,"['Lion Cub', 'Pokemon']","['Lion Cub', 'litleo', 'Rivalry']"
Pyroar,£127.00,"With fiery breath of more than 10,000 degrees Fahrenheit, they viciously threaten any challenger. The females protect the pride’s cubs.",38 in stock,"['Pokemon', 'Royal']","['pyroar', 'Rivalry', 'Royal']"
Flabebe,£79.00,"When it finds a flower it likes, it dwells on that flower its whole life long. It floats in the wind’s embrace with an untroubled heart.",24 in stock,"['Pokemon', 'Single Bloom']","['flabebe', 'Flower Veil', 'Single Bloom']"
Floette,£149.00,"When the flowers of a well-tended flower bed bloom, it appears and celebrates with an elegant dance.",270 in stock,"['Pokemon', 'Single Bloom']","['floette', 'Flower Veil', 'Single Bloom']"
Florges,£93.00,"In times long past, governors of castles would invite Florges to create flower gardens to embellish the castle domains.",25 in stock,"['Garden', 'Pokemon']","['florges', 'Flower Veil', 'Garden']"
Skiddo,£129.00,"If it has sunshine and water, it doesn’t need to eat, because it can generate energy from the leaves on its back.",271 in stock,"['Mount', 'Pokemon']","['Mount', 'Sap Sipper', 'skiddo']"
Gogoat,£97.00,They inhabit mountainous regions. The leader of the herd is decided by a battle of clashing horns.,104 in stock,"['Mount', 'Pokemon']","['gogoat', 'Mount', 'Sap Sipper']"
Pangoro,£76.00,"It charges ahead and bashes its opponents like a berserker, uncaring about any hits it might take. Its arms are mighty enough to snap a telephone pole.",271 in stock,"['Daunting', 'Pokemon']","['Daunting', 'Iron Fist', 'pangoro']"
Furfrou,£165.00,"Historically, in the Kalos region, these Pokémon were the designated guardians of the king.",180 in stock,"['Pokemon', 'Poodle']","['Fur Coat', 'furfrou', 'Poodle']"
Espurr,£149.00,"It has enough psychic energy to blast everything within 300 feet of itself, but it has no control over its power.",169 in stock,"['Pokemon', 'Restraint']","['espurr', 'Keen Eye', 'Restraint']"
Honedge,£101.00,"If anyone dares to grab its hilt, it wraps a blue cloth around that person’s arm and drains that person’s life energy completely.",101 in stock,"['Pokemon', 'Sword']","['honedge', 'No Guard', 'Sword']"
Doublade,£164.00,"The complex attack patterns of its two swords are unstoppable, even for an opponent greatly accomplished at swordplay.",144 in stock,"['Pokemon', 'Sword']","['doublade', 'No Guard', 'Sword']"
Spritzee,£58.00,"In the past, rather than using perfume, royal ladies carried a Spritzee that would waft a fragrance they liked.",241 in stock,"['Perfume', 'Pokemon']","['Healer', 'Perfume', 'spritzee']"
Aromatisse,£194.00,"Its scent is so overpowering that, unless a Trainer happens to really enjoy the smell, he or she will have a hard time walking alongside it.",198 in stock,"['Fragrance', 'Pokemon']","['aromatisse', 'Fragrance', 'Healer']"
Swirlix,£90.00,"Because it eats nothing but sweets, its fur is as sticky sweet as cotton candy.",129 in stock,"['Cotton Candy', 'Pokemon']","['Cotton Candy', 'Sweet Veil', 'swirlix']"
Slurpuff,£66.00,"Its sense of smell is 100 million times better than a human’s, so even the faintest scent tells it about everything in the area. It’s like it can see with its nose!",262 in stock,"['Meringue', 'Pokemon']","['Meringue', 'slurpuff', 'Sweet Veil']"
Inkay,£38.00,"It flashes the light-emitting spots on its body, which drains its opponent’s will to fight. It takes the opportunity to scuttle away and hide.",167 in stock,"['Pokemon', 'Revolving']","['inkay', 'Revolving', 'Suction Cups']"
Malamar,£58.00,"It lures its prey close with hypnotic motions, then wraps its tentacles around it before finishing it off with digestive fluids.",294 in stock,"['Overturning', 'Pokemon']","['malamar', 'Overturning', 'Suction Cups']"
Binacle,£102.00,"They stretch and then contract, yanking their rocks along with them in bold hops. They eat seaweed that washes up on the shoreline.",143 in stock,"['Pokemon', 'Two-Handed']","['binacle', 'Sniper', 'Two-Handed']"
Barbaracle,£165.00,"Barbaracle’s legs and hands have minds of their own, and they will move independently. But they usually follow the head’s orders.",123 in stock,"['Collective', 'Pokemon']","['barbaracle', 'Collective', 'Sniper']"
Skrelp,£63.00,It looks just like rotten kelp. It hides from foes while storing up power for its evolution.,184 in stock,"['Mock Kelp', 'Pokemon']","['Mock Kelp', 'Poison Point', 'skrelp']"
Dragalge,£151.00,"Tales are told of ships that wander into seas where Dragalge live, never to return.",254 in stock,"['Mock Kelp', 'Pokemon']","['dragalge', 'Mock Kelp', 'Poison Point']"
Clauncher,£29.00,"Through controlled explosions of internal gas, it can expel water like a pistol shot. At close distances, it can shatter rock.",152 in stock,"['Pokemon', 'Water Gun']","['clauncher', 'Mega Launcher', 'Water Gun']"
Clawitzer,£69.00,"By expelling water from the nozzle in the back of its claw, it can move at a speed of 60 knots.",65 in stock,"['Howitzer', 'Pokemon']","['clawitzer', 'Howitzer', 'Mega Launcher']"
Helioptile,£62.00,The frills on either side of its head have cells that generate electricity when exposed to sunlight.,126 in stock,"['Generator', 'Pokemon']","['Generator', 'helioptile', 'Sand Veil']"
Heliolisk,£83.00,"It stimulates its muscles with electricity, boosting the strength in its legs and enabling it to run 100 yards in five seconds.",43 in stock,"['Generator', 'Pokemon']","['Generator', 'heliolisk', 'Sand Veil']"
Tyrunt,£62.00,Its immense jaws have enough destructive force that it can chew up an automobile. It lived 100 million years ago.,148 in stock,"['Pokemon', 'Royal Heir']","['Royal Heir', 'Strong Jaw', 'tyrunt']"
Tyrantrum,£26.00,"Nothing could stop this Pokémon 100 million years ago, so it behaved like a king.",58 in stock,"['Despot', 'Pokemon']","['Despot', 'Strong Jaw', 'tyrantrum']"
Amaura,£155.00,This calm Pokémon lived in a cold land where there were no violent predators like Tyrantrum.,187 in stock,"['Pokemon', 'Tundra']","['amaura', 'Refrigerate', 'Tundra']"
Aurorus,£189.00,"Using its diamond-shaped crystals, it can instantly create a wall of ice to block an opponent’s attack.",243 in stock,"['Pokemon', 'Tundra']","['aurorus', 'Refrigerate', 'Tundra']"
Sylveon,£48.00,It wraps its ribbonlike feelers around the arm of its beloved Trainer and walks with him or her.,20 in stock,"['Intertwining', 'Pokemon']","['Cute Charm', 'Intertwining', 'sylveon']"
Hawlucha,£44.00,"With its wings, it controls its position in the air. It likes to attack from above, a maneuver that is difficult to defend against.",30 in stock,"['Pokemon', 'Wrestling']","['hawlucha', 'Limber', 'Wrestling']"
Dedenne,£118.00,"It uses its tail to absorb electricity from power plants or from outlets in houses, and then it fires the electricity from its whiskers.",71 in stock,"['Antenna', 'Pokemon']","['Antenna', 'dedenne', 'Pickup']"
Carbink,£171.00,It has slept underground for hundreds of millions of years since its birth. It’s occasionally found during the excavation of caves.,290 in stock,"['Jewel', 'Pokemon']","['carbink', 'Clear Body', 'Jewel']"
Goomy,£110.00,It’s covered in a slimy membrane that makes any punches or kicks slide off it harmlessly.,122 in stock,"['Pokemon', 'Soft Tissue']","['goomy', 'Hydration', 'Soft Tissue']"
Sliggoo,£109.00,"Its four horns are a high-performance radar system. It uses them to sense sounds and smells, rather than using ears or a nose.",232 in stock,"['Pokemon', 'Soft Tissue']","['Hydration', 'sliggoo', 'Soft Tissue']"
Goodra,£192.00,It attacks with retractable horns. It throws a punch that’s the equivalent of the force of a hundred pro boxers.,185 in stock,"['Dragon', 'Pokemon']","['Dragon', 'goodra', 'Hydration']"
Klefki,£179.00,"It never lets go of a key that it likes, so people give it the keys to vaults and safes as a way to prevent crime.",30 in stock,"['Key Ring', 'Pokemon']","['Key Ring', 'klefki', 'Prankster']"
Trevenant,£53.00,"Using its roots as a nervous system, it controls the trees in the forest. It’s kind to the Pokémon that reside in its body.",167 in stock,"['Elder Tree', 'Pokemon']","['Elder Tree', 'Natural Cure', 'trevenant']"
Bergmite,£119.00,"Using air of -150 degrees Fahrenheit, they freeze opponents solid. They live in herds above the snow line on mountains.",248 in stock,"['Ice Chunk', 'Pokemon']","['bergmite', 'Ice Chunk', 'Own Tempo']"
Avalugg,£71.00,The way several Bergmite huddle on its back makes it look like an aircraft carrier made of ice.,156 in stock,"['Iceberg', 'Pokemon']","['avalugg', 'Iceberg', 'Own Tempo']"
Noibat,£126.00,"Even a robust wrestler will become dizzy and unable to stand when exposed to its 200,000-hertz ultrasonic waves.",136 in stock,"['Pokemon', 'Sound Wave']","['Frisk', 'noibat', 'Sound Wave']"
Noivern,£75.00,The ultrasonic waves it emits from its ears can reduce a large boulder to pebbles. It swoops out of the dark to attack.,159 in stock,"['Pokemon', 'Sound Wave']","['Frisk', 'noivern', 'Sound Wave']"
Xerneas,£30.00,"When the horns on its head shine in seven colors, it is said to be sharing everlasting life.",171 in stock,"['Life', 'Pokemon']","['Fairy Aura', 'Life', 'xerneas']"
Yveltal,£59.00,"When its life comes to an end, it absorbs the life energy of every living thing and turns into a cocoon once more.",215 in stock,"['Destruction', 'Pokemon']","['Dark Aura', 'Destruction', 'yveltal']"
Zygarde,£83.00,It’s thought to be monitoring the ecosystem. There are rumors that even greater power lies hidden within it.,80 in stock,"['Order', 'Pokemon']","['Aura Break', 'Order', 'zygarde']"
Diancie,£27.00,It can instantly create many diamonds by compressing the carbon in the air between its hands.,231 in stock,"['Jewel', 'Pokemon']","['Clear Body', 'diancie', 'Jewel']"
Hoopa,£189.00,"It is said to be able to seize anything it desires with its six rings and six huge arms. With its power sealed, it is transformed into a much smaller form.",45 in stock,"['Mischief', 'Pokemon']","['hoopa', 'Magician', 'Mischief']"
Volcanion,£45.00,It expels its internal steam from the arms on its back. It has enough power to blow away a mountain.,238 in stock,"['Pokemon', 'Steam']","['Steam', 'volcanion', 'Water Absorb']"
Dartrix,£169.00,It throws sharp feathers called blade quills at enemies or prey. It seldom misses.,169 in stock,"['Blade Quill', 'Pokemon']","['Blade Quill', 'dartrix', 'Overgrow']"
Decidueye,£106.00,"Although basically cool and cautious, when it’s caught by surprise, it’s seized by panic.",268 in stock,"['Arrow Quill', 'Pokemon']","['Arrow Quill', 'decidueye', 'Overgrow']"
Litten,£132.00,It doesn’t allow its emotions to be easily seen. Earning its trust takes time. It prefers solitude.,150 in stock,"['Fire Cat', 'Pokemon']","['Blaze', 'Fire Cat', 'litten']"
Torracat,£184.00,"It boasts powerful front legs. With a single punch, it can bend an iron bar right over.",186 in stock,"['Fire Cat', 'Pokemon']","['Blaze', 'Fire Cat', 'torracat']"
Incineroar,£36.00,"After hurling ferocious punches and flinging furious kicks, it finishes opponents off by spewing fire from around its navel.",201 in stock,"['Heel', 'Pokemon']","['Blaze', 'Heel', 'incineroar']"
Popplio,£158.00,This Pokémon can control water bubbles. It practices diligently so it can learn to make big bubbles.,83 in stock,"['Pokemon', 'Sea Lion']","['popplio', 'Sea Lion', 'Torrent']"
Brionne,£172.00,"It cares deeply for its companions. When its Trainer is feeling down, it performs a cheery dance to try and help.",174 in stock,"['Pokemon', 'Pop Star']","['brionne', 'Pop Star', 'Torrent']"
Primarina,£143.00,Its singing voice is its chief weapon in battle. This Pokémon’s Trainer must prioritize the daily maintenance of its throat at all costs.,36 in stock,"['Pokemon', 'Soloist']","['primarina', 'Soloist', 'Torrent']"
Pikipek,£51.00,"This Pokémon feeds on berries, whose leftover seeds become the ammunition for the attacks it fires off from its mouth.",246 in stock,"['Pokemon', 'Woodpecker']","['Keen Eye', 'pikipek', 'Woodpecker']"
Trumbeak,£59.00,"By bending its beak, it can produce a variety of calls and brand itself a noisy nuisance for its neighbors.",30 in stock,"['Bugle Beak', 'Pokemon']","['Bugle Beak', 'Keen Eye', 'trumbeak']"
Toucannon,£77.00,"Within its beak, its internal gas ignites, explosively launching seeds with enough power to pulverize boulders.",176 in stock,"['Cannon', 'Pokemon']","['Cannon', 'Keen Eye', 'toucannon']"
Yungoos,£159.00,"It wanders around in a never-ending search for food. At dusk, it collapses from exhaustion and falls asleep on the spot.",180 in stock,"['Loitering', 'Pokemon']","['Loitering', 'Strong Jaw', 'yungoos']"
Gumshoos,£123.00,"It adores having Rattata and Raticate for dinner, but as it’s diurnal, it never encounters them. This Pokémon boasts incredible patience.",125 in stock,"['Pokemon', 'Stakeout']","['gumshoos', 'Stakeout', 'Strong Jaw']"
Grubbin,£77.00,They often gather near places frequented by electric Pokémon in order to avoid being attacked by bird Pokémon.,47 in stock,"['Larva', 'Pokemon']","['grubbin', 'Larva', 'Swarm']"
Charjabug,£76.00,"From the food it digests, it generates electricity, and it stores this energy in its electric sac.",21 in stock,"['Battery', 'Pokemon']","['Battery', 'charjabug']"
Vikavolt,£88.00,It produces electricity via an electrical organ in its abdomen. It overwhelms bird Pokémon with shocking beams of electrical energy.,62 in stock,"['Pokemon', 'Stag Beetle']","['Levitate', 'Stag Beetle', 'vikavolt']"
Crabrawler,£181.00,"It punches so much, its pincers often come off from overuse, but they grow back quickly. What little meat they contain is rich and delicious.",212 in stock,"['Boxing', 'Pokemon']","['Boxing', 'crabrawler', 'Hyper Cutter']"
Crabominable,£65.00,"It just throws punches indiscriminately. In times of desperation, it can lop off its own pincers and fire them like rockets.",188 in stock,"['Pokemon', 'Woolly Crab']","['crabominable', 'Hyper Cutter', 'Woolly Crab']"
Cutiefly,£118.00,Myriads of Cutiefly flutter above the heads of people who have auras resembling those of flowers.,23 in stock,"['Bee Fly', 'Pokemon']","['Bee Fly', 'cutiefly', 'Shield Dust']"
Ribombee,£100.00,Some of Ribombee’s pollen puffs are highly nutritious. They are sometimes sold as supplements.,233 in stock,"['Bee Fly', 'Pokemon']","['Bee Fly', 'ribombee', 'Shield Dust']"
Rockruff,£149.00,This Pokémon has lived with people since times long ago. It can sense when its Trainer is in the dumps and will stick close by its Trainer’s side.,296 in stock,"['Pokemon', 'Puppy']","['Keen Eye', 'Puppy', 'rockruff']"
Mareanie,£47.00,It’s found crawling on beaches and seafloors. The coral that grows on Corsola’s head is as good as a five-star banquet to this Pokémon.,99 in stock,"['Brutal Star', 'Pokemon']","['Brutal Star', 'Limber', 'mareanie']"
Toxapex,£91.00,"Those attacked by Toxapex’s poison will suffer intense pain for three days and three nights. Post-recovery, there will be some aftereffects.",37 in stock,"['Brutal Star', 'Pokemon']","['Brutal Star', 'Limber', 'toxapex']"
Mudbray,£96.00,"It has a stubborn, individualistic disposition. Eating dirt, making mud, and playing in the mire all form part of its daily routine.",117 in stock,"['Donkey', 'Pokemon']","['Donkey', 'mudbray', 'Own Tempo']"
Mudsdale,£111.00,"Its heavy, mud-covered kicks are its best means of attack, and it can reduce large trucks to scrap without breaking a sweat.",136 in stock,"['Draft Horse', 'Pokemon']","['Draft Horse', 'mudsdale', 'Own Tempo']"
Dewpider,£84.00,"When it comes across enemies or potential prey, this Pokémon smashes its water-bubble-covered head into them.",23 in stock,"['Pokemon', 'Water Bubble']","['dewpider', 'Water Bubble']"
Araquanid,£48.00,"Despite what its appearance suggests, it cares for others. If it finds vulnerable, weak Pokémon, it protectively brings them into its water bubble.",281 in stock,"['Pokemon', 'Water Bubble']","['araquanid', 'Water Bubble']"
Fomantis,£104.00,They give off a sweet and refreshing scent. Cutiefly often gather near the tall grass where Fomantis are hiding.,209 in stock,"['Pokemon', 'Sickle Grass']","['fomantis', 'Leaf Guard', 'Sickle Grass']"
Lurantis,£159.00,It fires beams from its sickle-shaped petals. These beams are powerful enough to cleave through thick metal plates.,269 in stock,"['Bloom Sickle', 'Pokemon']","['Bloom Sickle', 'Leaf Guard', 'lurantis']"
Morelull,£87.00,"As it drowses the day away, it nourishes itself by sucking from tree roots. It wakens at the fall of night, wandering off in search of a new tree.",71 in stock,"['Illuminating', 'Pokemon']","['Effect Spore', 'Illuminating', 'morelull']"
Shiinotic,£75.00,"It emits flickering spores that cause drowsiness. When its prey succumb to sleep, this Pokémon feeds on them by sucking in their energy.",123 in stock,"['Illuminating', 'Pokemon']","['Effect Spore', 'Illuminating', 'shiinotic']"
Salandit,£158.00,"Volcanoes or dry, craggy places are its home. It emanates a sweet-smelling poisonous gas that attracts bug Pokémon, then attacks them.",54 in stock,"['Pokemon', 'Toxic Lizard']","['Corrosion', 'salandit', 'Toxic Lizard']"
Salazzle,£166.00,"Filled with pheromones, its poisonous gas can be diluted to use in the production of luscious perfumes.",142 in stock,"['Pokemon', 'Toxic Lizard']","['Corrosion', 'salazzle', 'Toxic Lizard']"
Stufful,£70.00,A touch from anyone except a known friend sends it into a surging frenzy. It’s an incredibly dangerous Pokémon.,69 in stock,"['Flailing', 'Pokemon']","['Flailing', 'Klutz', 'stufful']"
Bewear,£117.00,This Pokémon has the habit of hugging its companions. Many Trainers have left this world after their spines were squashed by its hug.,96 in stock,"['Pokemon', 'Strong Arm']","['bewear', 'Klutz', 'Strong Arm']"
Bounsweet,£193.00,"Although it’s too sugary for human consumption, Bounsweet’s sweat can be watered down into a juice with just the right amount of sweetness.",76 in stock,"['Fruit', 'Pokemon']","['bounsweet', 'fruit', 'Oblivious']"
Steenee,£27.00,This Pokémon is always bouncing around energetically. Other Pokémon are attracted by its lively appearance and pleasant aroma.,30 in stock,"['Fruit', 'Pokemon']","['fruit', 'Oblivious', 'steenee']"
Tsareena,£186.00,"A Pokémon known for the beauty of its well-shaped legs, it sometimes appears as a mascot in advertisements for beauty salons.",96 in stock,"['Fruit', 'Pokemon']","['fruit', 'Leaf Guard', 'tsareena']"
Comfey,£28.00,"Baths prepared with the flowers from its vine have a relaxing effect, so this Pokémon is a hit with many people.",266 in stock,"['Pokemon', 'Posy Picker']","['comfey', 'Flower Veil', 'Posy Picker']"
Oranguru,£139.00,"Deep in the jungle, high in the lofty canopy, this Pokémon abides. On rare occasions, it shows up at the beach to match wits with Slowking.",241 in stock,"['Pokemon', 'Sage']","['Inner Focus', 'oranguru', 'Sage']"
Passimian,£182.00,"They battle with hard berries for weapons. Their techniques are passed from the boss to the group, generation upon generation.",144 in stock,"['Pokemon', 'Teamwork']","['passimian', 'Receiver', 'Teamwork']"
Wimpod,£137.00,"Its habitat varies from beaches to seabeds. A natural scavenger, it will gleefully chow down on anything edible, no matter how rotten.",87 in stock,"['Pokemon', 'Turn Tail']","['Turn Tail', 'Wimp Out', 'wimpod']"
Golisopod,£32.00,"It battles skillfully with its six arms, but spends most of its time peacefully meditating in caves deep beneath the sea.",10 in stock,"['Hard Scale', 'Pokemon']","['Emergency Exit', 'golisopod', 'Hard Scale']"
Sandygast,£131.00,It takes control of anyone who puts a hand in its mouth. And so it adds to the accumulation of its sand-mound body.,276 in stock,"['Pokemon', 'Sand Heap']","['Sand Heap', 'sandygast', 'Water Compaction']"
Palossand,£187.00,Buried beneath the castle are masses of dried-up bones from those whose vitality it has drained.,19 in stock,"['Pokemon', 'Sand Castle']","['palossand', 'Sand Castle', 'Water Compaction']"
Pyukumuku,£97.00,These Pokémon line the beaches. The sticky mucous that covers their bodies can be used to soothe sunburned skin. How convenient!,191 in stock,"['Pokemon', 'Sea Cucumber']","['Innards Out', 'pyukumuku', 'Sea Cucumber']"
Silvally,£133.00,"Although its name was Type: Null at first, the boy who evolved it into this form gave it the name by which it is now known.",64 in stock,"['Pokemon', 'Synthetic']","['RKS System', 'silvally', 'Synthetic']"
Komala,£65.00,The log it holds was given to it by its parents at birth. It has also been known to cling to the arm of a friendly Trainer.,231 in stock,"['Drowsing', 'Pokemon']","['Comatose', 'Drowsing', 'komala']"
Turtonator,£117.00,It gushes fire and poisonous gases from its nostrils. Its dung is an explosive substance and can be put to various uses.,16 in stock,"['Blast Turtle', 'Pokemon']","['Blast Turtle', 'Shell Armor', 'turtonator']"
Togedemaru,£45.00,The long hairs on its back act as lightning rods. The bolts of lightning it attracts are stored as energy in its electric sac.,78 in stock,"['Pokemon', 'Roly-Poly']","['Lightning Rod', 'Roly-Poly', 'togedemaru']"
Drampa,£133.00,This Pokémon is friendly to people and loves children most of all. It comes from deep in the mountains to play with children it likes in town.,245 in stock,"['Placid', 'Pokemon']","['drampa', 'placid', 'Sap Sipper']"
Jangmo-o,£107.00,They live in mountains where no trace of humans can be detected. Jangmo-o grow little by little as they battle one another.,140 in stock,"['Pokemon', 'Scaly']","['jangmo-o', 'Scaly', 'Soundproof']"
Hakamo-o,£57.00,It sheds and regrows its scales on a continuous basis. The scales become harder and sharper each time they’re regrown.,288 in stock,"['Pokemon', 'Scaly']","['hakamo-o', 'Scaly', 'Soundproof']"
Kommo-o,£170.00,"Its rigid scales function as offense and defense. In the past, its scales were processed and used to make weapons and other commodities.",121 in stock,"['Pokemon', 'Scaly']","['kommo-o', 'Scaly', 'Soundproof']"
Tapu-koko,£159.00,It confuses its enemies by flying too quickly for the eye to follow. It has a hair-trigger temper but forgets what made it angry an instant later.,215 in stock,"['Land Spirit', 'Pokemon']","['Electric Surge', 'Land Spirit', 'tapu-koko']"
Tapu-lele,£62.00,"As it flutters about, it scatters its strangely glowing scales. Touching them is said to restore good health on the spot.",71 in stock,"['Land Spirit', 'Pokemon']","['Land Spirit', 'Psychic Surge', 'tapu-lele']"
Tapu-bulu,£165.00,The guardian deity of Ula’ula is a lazy Pokémon. It commands plants to immobilize its foes and then deals them a savage blow with its horns.,175 in stock,"['Land Spirit', 'Pokemon']","['Grassy Surge', 'Land Spirit', 'tapu-bulu']"
Tapu-fini,£123.00,"The guardian deity of Poni, it can control water. People say it can create pure water that will wash away any uncleanness.",206 in stock,"['Land Spirit', 'Pokemon']","['Land Spirit', 'Misty Surge', 'tapu-fini']"
Solgaleo,£125.00,"This Pokémon is said to be a male evolution of Cosmog. At the activation of its third eye, it departs for another world.",260 in stock,"['Pokemon', 'Sunne']","['Full Metal Body', 'solgaleo', 'Sunne']"
Lunala,£58.00,"Said to live in another world, this Pokémon devours light, drawing the moonless dark veil of night over the brightness of day.",195 in stock,"['Moone', 'Pokemon']","['lunala', 'Moone', 'Shadow Shield']"
Nihilego,£67.00,"One of the Ultra Beasts. It’s unclear whether or not this Pokémon is sentient, but sometimes it can be observed behaving like a young girl.",180 in stock,"['Parasite', 'Pokemon']","['Beast Boost', 'nihilego', 'Parasite']"
Buzzwole,£172.00,A mysterious life-form called an Ultra Beast. Witnesses saw it pulverize a dump truck with a single punch.,43 in stock,"['Pokemon', 'Swollen']","['Beast Boost', 'buzzwole', 'Swollen']"
Pheromosa,£62.00,"One of the Ultra Beasts. It refuses to touch anything, perhaps because it senses some uncleanness in this world.",254 in stock,"['Lissome', 'Pokemon']","['Beast Boost', 'Lissome', 'pheromosa']"
Xurkitree,£174.00,"It appeared from the Ultra Wormhole. It raided a power plant, so people think it energizes itself with electricity.",120 in stock,"['Glowing', 'Pokemon']","['Beast Boost', 'Glowing', 'xurkitree']"
Celesteela,£151.00,One kind of Ultra Beast. Witnesses have seen it burn down a forest by expelling gas from its two arms.,58 in stock,"['Launch', 'Pokemon']","['Beast Boost', 'celesteela', 'Launch']"
Kartana,£197.00,"One of the Ultra Beast life-forms, it was observed cutting down a gigantic steel tower with one stroke of its blade.",77 in stock,"['Drawn Sword', 'Pokemon']","['Beast Boost', 'Drawn Sword', 'kartana']"
Guzzlord,£73.00,"A dangerous Ultra Beast, it appears to be eating constantly, but for some reason its droppings have never been found.",54 in stock,"['Junkivore', 'Pokemon']","['Beast Boost', 'guzzlord', 'Junkivore']"
Necrozma,£68.00,Light is apparently the source of its energy. It has an extraordinarily vicious disposition and is constantly firing off laser beams.,141 in stock,"['Pokemon', 'Prism']","['necrozma', 'Prism', 'Prism Armor']"
Marshadow,£107.00,"It sinks into the shadows of people and Pokémon, where it can understand their feelings and copy their capabilities.",250 in stock,"['Gloomdweller', 'Pokemon']","['Gloomdweller', 'marshadow', 'Technician']"
Poipole,£130.00,"An Ultra Beast that lives in a different world, it cackles wildly as it sprays its opponents with poison from the needles on its head.",21 in stock,"['Poison Pin', 'Pokemon']","['Beast Boost', 'poipole', 'Poison Pin']"
Naganadel,£30.00,"One kind of Ultra Beast, it fires a glowing, venomous liquid from its needles. This liquid is also immensely adhesive.",255 in stock,"['Poison Pin', 'Pokemon']","['Beast Boost', 'naganadel', 'Poison Pin']"
Stakataka,£190.00,"When stone walls started moving and attacking, the brute’s true identity was this mysterious life-form, which brings to mind an Ultra Beast.",210 in stock,"['Pokemon', 'Rampart']","['Beast Boost', 'Rampart', 'stakataka']"
Blacephalon,£149.00,"A UB that appeared from an Ultra Wormhole, it causes explosions, then takes advantage of opponents’ surprise to rob them of their vitality.",205 in stock,"['Fireworks', 'Pokemon']","['Beast Boost', 'blacephalon', 'Fireworks']"
